latitude,longitude,brightness,scan,track,acq_date,acq_time,satellite,instrument,confidence,version,bright_t31,frp,daynight
-36.62083,-72.61134,303.18,1.58,1.24,2026-01-14,0240,Terra,MODIS,54,6.1NRT,289.57,12.43,N
-36.61004,-72.61473,338.18,1.58,1.24,2026-01-14,0240,Terra,MODIS,100,6.1NRT,291.75,81.41,N
-36.61348,-72.63289,313.05,1.58,1.24,2026-01-14,0240,Terra,MODIS,86,6.1NRT,289.25,25.06,N
-36.58574,-72.63025,302.06,1.46,1.19,2026-01-14,0713,Aqua,MODIS,31,6.1NRT,288.44,10.76,N
-36.58872,-72.61494,302.98,1.46,1.19,2026-01-14,0713,Aqua,MODIS,35,6.1NRT,288.71,11.36,N
-36.59624,-72.63282,348.96,1.46,1.19,2026-01-14,0713,Aqua,MODIS,100,6.1NRT,289.4,106.36,N
-36.59915,-72.6179,396.8,1.46,1.19,2026-01-14,0713,Aqua,MODIS,100,6.1NRT,301.13,408.9,N
-36.60961,-72.62065,371.01,1.46,1.19,2026-01-14,0713,Aqua,MODIS,100,6.1NRT,295.34,209.19,N
-36.61259,-72.60526,327.27,1.45,1.19,2026-01-14,0713,Aqua,MODIS,100,6.1NRT,291.7,45.15,N
-36.5938,-72.64191,321.8,1.14,1.06,2026-01-14,1342,Terra,MODIS,79,6.1NRT,294.38,19.54,D
-36.59533,-72.62897,360.85,1.14,1.07,2026-01-14,1342,Terra,MODIS,100,6.1NRT,299.16,103.86,D
-36.59687,-72.61594,316.26,1.14,1.07,2026-01-14,1342,Terra,MODIS,32,6.1NRT,295.54,12.33,D
-36.6048,-72.63087,342.14,1.14,1.07,2026-01-14,1342,Terra,MODIS,92,6.1NRT,295.03,51.65,D
-36.60636,-72.61771,337.35,1.14,1.07,2026-01-14,1342,Terra,MODIS,90,6.1NRT,297.97,42.37,D
-36.7452,-72.46533,308.7,1.16,1.07,2026-01-14,1342,Terra,MODIS,39,6.1NRT,296.83,5.15,D
-36.97417,-72.92652,306.91,1.12,1.06,2026-01-14,1342,Terra,MODIS,28,6.1NRT,296.48,6.31,D
-37.0856,-72.43107,306.4,1.18,1.08,2026-01-14,1342,Terra,MODIS,27,6.1NRT,295.32,4.1,D
-37.17383,-72.94995,307.15,1.12,1.06,2026-01-14,1342,Terra,MODIS,39,6.1NRT,295.77,4.6,D
-37.24516,-73.31667,306.09,1.09,1.04,2026-01-14,1342,Terra,MODIS,40,6.1NRT,295.7,5.1,D
-37.48311,-73.33694,305.82,1.1,1.04,2026-01-14,1342,Terra,MODIS,33,6.1NRT,293.91,5.41,D
-36.60219,-72.58529,354.15,1.89,1.34,2026-01-14,2050,Aqua,MODIS,92,6.1NRT,295.36,163.2,D
-36.59035,-72.58813,324.26,1.89,1.34,2026-01-14,2050,Aqua,MODIS,64,6.1NRT,295.72,39.84,D
-36.59471,-72.60863,392.76,1.88,1.34,2026-01-14,2050,Aqua,MODIS,100,6.1NRT,304.4,513.5,D
-36.5993,-72.63028,366.38,1.87,1.34,2026-01-14,2050,Aqua,MODIS,100,6.1NRT,304.17,241.07,D
-36.59764,-72.59145,387.63,1.89,1.34,2026-01-14,2050,Aqua,MODIS,100,6.1NRT,299.32,457.55,D
-36.60181,-72.61178,422.64,1.88,1.34,2026-01-14,2050,Aqua,MODIS,100,6.1NRT,314.41,1033.69,D
-36.58591,-72.5948,312.06,1.89,1.34,2026-01-14,2050,Aqua,MODIS,29,6.1NRT,297.38,13.8,D
-36.59022,-72.61575,379.34,1.88,1.34,2026-01-14,2050,Aqua,MODIS,100,6.1NRT,302.97,363.37,D
-36.60485,-72.59139,320.8,2.68,1.57,2026-01-15,0143,Terra,MODIS,100,6.1NRT,286.97,85.87,N
-36.58907,-72.56454,316.86,2.66,1.57,2026-01-15,0143,Terra,MODIS,94,6.1NRT,285.22,69.55,N
-36.59091,-72.59392,326.45,2.68,1.57,2026-01-15,0143,Terra,MODIS,100,6.1NRT,286.71,111.56,N
-36.59267,-72.62218,301.47,2.69,1.57,2026-01-15,0143,Terra,MODIS,30,6.1NRT,285.02,27.2,N
-36.58621,-72.60122,313.52,2.68,1.57,2026-01-15,0143,Terra,MODIS,58,6.1NRT,285.13,57.98,N
-37.474,-72.37249,314.82,2.29,1.46,2026-01-15,1949,Aqua,MODIS,32,6.1NRT,299.5,19.58,D
-37.03832,-72.40305,314.33,2.27,1.46,2026-01-15,1949,Aqua,MODIS,46,6.1NRT,302.55,19.38,D
-36.61594,-72.63059,325.62,2.32,1.47,2026-01-15,1949,Aqua,MODIS,68,6.1NRT,298.33,59.63,D
-36.61841,-72.63707,318.47,2.32,1.47,2026-01-15,1949,Aqua,MODIS,53,6.1NRT,297.63,36.18,D
-36.60526,-72.63841,319.76,2.32,1.47,2026-01-15,1949,Aqua,MODIS,26,6.1NRT,297.71,37.52,D
-36.59022,-72.61655,338.99,2.31,1.47,2026-01-15,1949,Aqua,MODIS,89,6.1NRT,300.82,114.94,D
-36.59215,-72.6403,331.4,2.32,1.47,2026-01-15,1949,Aqua,MODIS,69,6.1NRT,300.36,80.1,D
-36.5791,-72.64297,320.97,2.32,1.47,2026-01-15,1949,Aqua,MODIS,68,6.1NRT,298.35,43.25,D
-36.62051,-72.61607,318.16,1.01,1,2026-01-16,0219,Terra,MODIS,96,6.1NRT,289.56,16.93,N
-36.5971,-72.64442,309.71,1.01,1,2026-01-16,0219,Terra,MODIS,30,6.1NRT,289.62,9.22,N
-36.5834,-72.613,304.58,1.01,1,2026-01-16,0219,Terra,MODIS,35,6.1NRT,289.17,6.14,N
-36.58823,-72.64638,327.34,1.01,1,2026-01-16,0219,Terra,MODIS,100,6.1NRT,290.43,25.58,N
-36.57613,-72.62612,334.56,1.01,1,2026-01-16,0219,Terra,MODIS,100,6.1NRT,291.41,34.99,N
-36.5817,-72.61857,314.09,1.08,1.04,2026-01-16,1322,Terra,MODIS,64,6.1NRT,300.49,8.36,D
-36.74567,-72.46954,305.71,1.07,1.03,2026-01-16,1322,Terra,MODIS,40,6.1NRT,294.66,3.22,D
-37.17678,-72.94736,304.99,1.09,1.04,2026-01-16,1322,Terra,MODIS,41,6.1NRT,294.92,3.74,D
-37.24778,-73.31484,305.67,1.12,1.06,2026-01-16,1322,Terra,MODIS,54,6.1NRT,295.27,5.52,D
-37.48259,-73.34224,304.29,1.12,1.05,2026-01-16,1322,Terra,MODIS,21,6.1NRT,293.47,5.05,D
-37.48464,-73.3299,303.38,1.12,1.05,2026-01-16,1322,Terra,MODIS,29,6.1NRT,292.81,4.57,D
-36.59006,-72.60614,321.95,1.04,1.02,2026-01-16,2029,Aqua,MODIS,62,6.1NRT,310.84,7.31,D
-36.59188,-72.61759,332.04,1.04,1.02,2026-01-16,2029,Aqua,MODIS,82,6.1NRT,314.05,20.34,D
-36.58293,-72.61977,350.51,1.04,1.02,2026-01-16,2029,Aqua,MODIS,95,6.1NRT,314.34,52.41,D
-36.58475,-72.63118,349.31,1.04,1.02,2026-01-16,2029,Aqua,MODIS,94,6.1NRT,315.96,50.83,D
-37.46784,-72.36011,310.81,2.3,1.47,2026-01-17,1401,Terra,MODIS,44,6.1NRT,293.45,20.02,D
-36.79063,-72.90108,357.89,3.21,1.7,2026-01-17,2108,Aqua,MODIS,99,6.1NRT,299.66,391.62,D
-36.77618,-72.90694,379.08,3.21,1.7,2026-01-17,2108,Aqua,MODIS,100,6.1NRT,294.27,771.84,D
-36.7935,-72.90468,357.38,3.21,1.7,2026-01-17,2108,Aqua,MODIS,98,6.1NRT,300.79,388.37,D
-36.77896,-72.91016,397.49,3.21,1.7,2026-01-17,2108,Aqua,MODIS,100,6.1NRT,297,1259.82,D
-37.41926,-72.59108,319.41,1.36,1.15,2026-01-18,0200,Terra,MODIS,99,6.1NRT,291.27,27.84,N
-37.42081,-72.6062,328.57,1.36,1.15,2026-01-18,0200,Terra,MODIS,100,6.1NRT,291.91,43.3,N
-36.9241,-72.8913,324.48,1.39,1.17,2026-01-18,0202,Terra,MODIS,100,6.1NRT,295.27,35.34,N
-36.92569,-72.90676,306.1,1.39,1.17,2026-01-18,0202,Terra,MODIS,67,6.1NRT,292.81,9.66,N
-36.91216,-72.87765,349.13,1.39,1.17,2026-01-18,0202,Terra,MODIS,100,6.1NRT,297.28,96,N
-36.91368,-72.89259,379.46,1.39,1.17,2026-01-18,0202,Terra,MODIS,100,6.1NRT,304.24,242.57,N
-36.91525,-72.90806,333.3,1.39,1.17,2026-01-18,0202,Terra,MODIS,100,6.1NRT,294.42,51.17,N
-36.90178,-72.87926,364.87,1.39,1.17,2026-01-18,0202,Terra,MODIS,100,6.1NRT,298.52,159.31,N
-36.90328,-72.89412,378.03,1.39,1.17,2026-01-18,0202,Terra,MODIS,100,6.1NRT,304.7,232.07,N
-36.90485,-72.90968,330.23,1.39,1.17,2026-01-18,0202,Terra,MODIS,100,6.1NRT,295.48,42.8,N
-36.84406,-72.41957,314.16,1.31,1.13,2026-01-18,0202,Terra,MODIS,62,6.1NRT,293.53,16.67,N
-36.8914,-72.88088,386.02,1.39,1.17,2026-01-18,0202,Terra,MODIS,100,6.1NRT,303.28,288.43,N
-36.8929,-72.89579,411.67,1.39,1.17,2026-01-18,0202,Terra,MODIS,100,6.1NRT,313.8,531.02,N
-36.89447,-72.91142,363.08,1.39,1.17,2026-01-18,0202,Terra,MODIS,100,6.1NRT,298.4,149.33,N
-36.83397,-72.42133,317.89,1.31,1.13,2026-01-18,0202,Terra,MODIS,93,6.1NRT,293.34,21.09,N
-36.83549,-72.43588,309.22,1.31,1.14,2026-01-18,0202,Terra,MODIS,13,6.1NRT,291.69,10.83,N
-36.88102,-72.88244,403.7,1.39,1.17,2026-01-18,0202,Terra,MODIS,100,6.1NRT,305.18,443.89,N
-36.88253,-72.89761,429.28,1.39,1.17,2026-01-18,0202,Terra,MODIS,100,6.1NRT,315.1,770.51,N
-36.88409,-72.91316,369.74,1.39,1.17,2026-01-18,0202,Terra,MODIS,100,6.1NRT,298.18,181.47,N
-36.82388,-72.42302,341,1.31,1.13,2026-01-18,0202,Terra,MODIS,100,6.1NRT,296.38,63.74,N
-36.82538,-72.43752,315.74,1.31,1.14,2026-01-18,0202,Terra,MODIS,30,6.1NRT,292.1,17.47,N
-36.87063,-72.88398,348.15,1.39,1.17,2026-01-18,0202,Terra,MODIS,100,6.1NRT,296.48,92.8,N
-36.87217,-72.8995,383.95,1.39,1.17,2026-01-18,0202,Terra,MODIS,100,6.1NRT,307.17,271.34,N
-36.8737,-72.91484,333.26,1.39,1.17,2026-01-18,0202,Terra,MODIS,100,6.1NRT,295.76,47.52,N
-36.8123,-72.41029,319.34,1.31,1.13,2026-01-18,0202,Terra,MODIS,47,6.1NRT,296.98,22.32,N
-36.81379,-72.42472,326.74,1.31,1.13,2026-01-18,0202,Terra,MODIS,100,6.1NRT,294.92,33.47,N
-36.86033,-72.88634,343.74,1.39,1.17,2026-01-18,0202,Terra,MODIS,100,6.1NRT,296.11,78.74,N
-36.86182,-72.9015,402.56,1.39,1.17,2026-01-18,0202,Terra,MODIS,100,6.1NRT,309.89,430.24,N
-36.8633,-72.91653,365.54,1.39,1.17,2026-01-18,0202,Terra,MODIS,100,6.1NRT,298.15,157.81,N
-36.80072,-72.39744,337.99,1.3,1.13,2026-01-18,0202,Terra,MODIS,100,6.1NRT,295.97,57.25,N
-36.80221,-72.41193,346.33,1.31,1.13,2026-01-18,0202,Terra,MODIS,100,6.1NRT,300.21,78.82,N
-36.80369,-72.42642,356.56,1.31,1.13,2026-01-18,0202,Terra,MODIS,100,6.1NRT,297.64,113.03,N
-36.84996,-72.88808,315.15,1.39,1.17,2026-01-18,0202,Terra,MODIS,91,6.1NRT,294.65,19.33,N
-36.85147,-72.9035,382.55,1.39,1.17,2026-01-18,0202,Terra,MODIS,100,6.1NRT,308.45,260.97,N
-36.85296,-72.91868,367.25,1.39,1.17,2026-01-18,0202,Terra,MODIS,100,6.1NRT,300.75,166.54,N
-36.80245,-72.40276,340.86,1.3,1.13,2026-01-18,0202,Terra,MODIS,100,6.1NRT,298.28,64.97,N
-36.80402,-72.41727,352.3,1.31,1.13,2026-01-18,0202,Terra,MODIS,100,6.1NRT,301.07,98.03,N
-36.80556,-72.43166,329.05,1.31,1.13,2026-01-18,0202,Terra,MODIS,100,6.1NRT,294.41,40.01,N
-36.85434,-72.89307,357.48,1.39,1.17,2026-01-18,0202,Terra,MODIS,100,6.1NRT,300.07,126.06,N
-36.8559,-72.90813,382.16,1.39,1.17,2026-01-18,0202,Terra,MODIS,100,6.1NRT,307.39,258.17,N
-36.85745,-72.92317,326.37,1.39,1.17,2026-01-18,0202,Terra,MODIS,100,6.1NRT,294.91,32.18,N
-36.79082,-72.39001,303.2,1.3,1.13,2026-01-18,0202,Terra,MODIS,54,6.1NRT,291.97,7.34,N
-36.79237,-72.40443,330.51,1.3,1.13,2026-01-18,0202,Terra,MODIS,100,6.1NRT,296.31,42.97,N
-36.79392,-72.41891,330.23,1.31,1.13,2026-01-18,0202,Terra,MODIS,100,6.1NRT,296.81,41.49,N
-36.84397,-72.89477,367.08,1.39,1.17,2026-01-18,0202,Terra,MODIS,100,6.1NRT,301.81,169.48,N
-36.84554,-72.91002,414.77,1.39,1.17,2026-01-18,0202,Terra,MODIS,100,6.1NRT,316.92,567,N
-36.84713,-72.92539,370.59,1.39,1.17,2026-01-18,0202,Terra,MODIS,100,6.1NRT,299.59,184.11,N
-36.78075,-72.39166,346.08,1.3,1.13,2026-01-18,0202,Terra,MODIS,100,6.1NRT,295.62,79.09,N
-36.78229,-72.40608,352.69,1.3,1.13,2026-01-18,0202,Terra,MODIS,100,6.1NRT,298.55,99.43,N
-36.78383,-72.42055,342.14,1.31,1.13,2026-01-18,0202,Terra,MODIS,100,6.1NRT,296.28,68.17,N
-36.80845,-72.65388,360.21,1.34,1.15,2026-01-18,0202,Terra,MODIS,100,6.1NRT,298.21,132.91,N
-36.80999,-72.66866,305.86,1.35,1.15,2026-01-18,0202,Terra,MODIS,56,6.1NRT,292,8.68,N
-36.8336,-72.89649,364.25,1.39,1.17,2026-01-18,0202,Terra,MODIS,100,6.1NRT,298.64,155.11,N
-36.83517,-72.91182,413.36,1.39,1.17,2026-01-18,0202,Terra,MODIS,100,6.1NRT,312.33,549.49,N
-36.83674,-72.92715,364.35,1.39,1.17,2026-01-18,0202,Terra,MODIS,100,6.1NRT,298.17,150.84,N
-36.77068,-72.39332,312.79,1.3,1.13,2026-01-18,0202,Terra,MODIS,86,6.1NRT,292.92,16.1,N
-36.77221,-72.40776,335.9,1.3,1.13,2026-01-18,0202,Terra,MODIS,100,6.1NRT,294.99,53.93,N
-36.79666,-72.64051,306.45,1.34,1.15,2026-01-18,0202,Terra,MODIS,62,6.1NRT,292.81,9.47,N
-36.79822,-72.65546,397.76,1.34,1.15,2026-01-18,0202,Terra,MODIS,100,6.1NRT,303.4,369.16,N
-36.79977,-72.67039,311.76,1.35,1.15,2026-01-18,0202,Terra,MODIS,83,6.1NRT,292.55,14.4,N
-36.82323,-72.89823,321.16,1.39,1.17,2026-01-18,0202,Terra,MODIS,100,6.1NRT,295.21,26.99,N
-36.8248,-72.91364,431.65,1.39,1.17,2026-01-18,0202,Terra,MODIS,100,6.1NRT,315.5,807.61,N
-36.82637,-72.92899,371.69,1.39,1.17,2026-01-18,0202,Terra,MODIS,100,6.1NRT,299.98,192.93,N
-36.76213,-72.40944,315.99,1.3,1.13,2026-01-18,0202,Terra,MODIS,92,6.1NRT,293.01,20.47,N
-36.78799,-72.65707,338.18,1.34,1.15,2026-01-18,0202,Terra,MODIS,100,6.1NRT,293.03,60.76,N
-36.81283,-72.89962,311.35,1.39,1.17,2026-01-18,0202,Terra,MODIS,82,6.1NRT,294.28,13.35,N
-36.81436,-72.91473,430,1.39,1.17,2026-01-18,0202,Terra,MODIS,100,6.1NRT,314.55,780.55,N
-36.81596,-72.93051,388.5,1.39,1.17,2026-01-18,0202,Terra,MODIS,100,6.1NRT,304.46,305.32,N
-36.81746,-72.94541,315.07,1.39,1.17,2026-01-18,0202,Terra,MODIS,66,6.1NRT,294.41,16.32,N
-36.80239,-72.9007,353.4,1.39,1.17,2026-01-18,0202,Terra,MODIS,100,6.1NRT,297.25,109.63,N
-36.80393,-72.91596,385.45,1.39,1.17,2026-01-18,0202,Terra,MODIS,100,6.1NRT,305.03,281.24,N
-36.80555,-72.93206,381.61,1.39,1.17,2026-01-18,0202,Terra,MODIS,100,6.1NRT,302.49,254.62,N
-36.80711,-72.94762,330.74,1.39,1.17,2026-01-18,0202,Terra,MODIS,100,6.1NRT,295.67,42.04,N
-36.79199,-72.90211,383.64,1.39,1.17,2026-01-18,0202,Terra,MODIS,100,6.1NRT,304.9,269.7,N
-36.79358,-72.918,371.95,1.39,1.17,2026-01-18,0202,Terra,MODIS,100,6.1NRT,305.82,194.02,N
-36.79516,-72.93377,425.78,1.39,1.17,2026-01-18,0202,Terra,MODIS,100,6.1NRT,311.07,718.05,N
-36.79673,-72.94946,352.64,1.39,1.17,2026-01-18,0202,Terra,MODIS,100,6.1NRT,296.64,104.2,N
-36.78163,-72.90388,423.66,1.39,1.17,2026-01-18,0202,Terra,MODIS,100,6.1NRT,312.17,686.04,N
-36.7832,-72.91963,409.32,1.39,1.17,2026-01-18,0202,Terra,MODIS,100,6.1NRT,313.6,502.54,N
-36.78476,-72.93533,413.76,1.39,1.17,2026-01-18,0202,Terra,MODIS,100,6.1NRT,309.86,555.38,N
-36.78629,-72.95078,345.4,1.39,1.17,2026-01-18,0202,Terra,MODIS,100,6.1NRT,296.71,79.94,N
-36.77121,-72.90504,351.01,1.39,1.17,2026-01-18,0202,Terra,MODIS,100,6.1NRT,297.67,100.79,N
-36.77278,-72.92092,359.61,1.39,1.17,2026-01-18,0202,Terra,MODIS,100,6.1NRT,303.24,132.88,N
-36.77429,-72.93629,409.99,1.39,1.17,2026-01-18,0202,Terra,MODIS,100,6.1NRT,307.53,510.04,N
-36.77577,-72.95132,368.63,1.39,1.17,2026-01-18,0202,Terra,MODIS,100,6.1NRT,297.8,173.86,N
-36.76083,-72.90665,342,1.39,1.17,2026-01-18,0202,Terra,MODIS,100,6.1NRT,298.4,71.83,N
-36.7623,-72.92162,350.84,1.39,1.17,2026-01-18,0202,Terra,MODIS,100,6.1NRT,303.93,98.16,N
-36.7638,-72.93694,427.3,1.39,1.17,2026-01-18,0202,Terra,MODIS,100,6.1NRT,312.9,738.68,N
-36.76532,-72.95245,385.67,1.39,1.17,2026-01-18,0202,Terra,MODIS,100,6.1NRT,300.52,279.89,N
-36.76514,-72.91251,349.02,1.39,1.17,2026-01-18,0202,Terra,MODIS,100,6.1NRT,301.43,93.4,N
-36.76672,-72.92771,355.44,1.39,1.17,2026-01-18,0202,Terra,MODIS,100,6.1NRT,302.2,115.01,N
-36.7683,-72.94292,413.5,1.39,1.17,2026-01-18,0202,Terra,MODIS,100,6.1NRT,310.29,550.17,N
-36.75473,-72.91389,372.75,1.39,1.17,2026-01-18,0202,Terra,MODIS,100,6.1NRT,304.58,198.35,N
-36.75628,-72.92891,383.19,1.39,1.17,2026-01-18,0202,Terra,MODIS,100,6.1NRT,307.75,264.31,N
-36.7579,-72.94458,444.91,1.39,1.17,2026-01-18,0202,Terra,MODIS,100,6.1NRT,320.17,1043.02,N
-36.75953,-72.96027,346.39,1.39,1.17,2026-01-18,0202,Terra,MODIS,100,6.1NRT,297.38,83.63,N
-36.74433,-72.91527,343.18,1.39,1.17,2026-01-18,0202,Terra,MODIS,100,6.1NRT,298.37,73.58,N
-36.74588,-72.93036,370.44,1.39,1.17,2026-01-18,0202,Terra,MODIS,100,6.1NRT,308.87,184.6,N
-36.74747,-72.94586,434.55,1.39,1.17,2026-01-18,0202,Terra,MODIS,100,6.1NRT,323.27,853.98,N
-36.74915,-72.96214,403.2,1.39,1.17,2026-01-18,0202,Terra,MODIS,100,6.1NRT,304.95,438.22,N
-36.73397,-72.91697,348.03,1.39,1.17,2026-01-18,0202,Terra,MODIS,100,6.1NRT,296.93,88.69,N
-36.73553,-72.93235,416.02,1.39,1.17,2026-01-18,0202,Terra,MODIS,100,6.1NRT,318.83,581.59,N
-36.73711,-72.94781,499.97,1.39,1.17,2026-01-18,0202,Terra,MODIS,100,6.1NRT,350.57,2598,N
-36.73876,-72.96394,415.69,1.39,1.17,2026-01-18,0202,Terra,MODIS,100,6.1NRT,308.96,582.65,N
-36.72359,-72.91861,349.59,1.39,1.17,2026-01-18,0202,Terra,MODIS,100,6.1NRT,296.99,94.06,N
-36.72523,-72.93468,455.82,1.39,1.17,2026-01-18,0202,Terra,MODIS,100,6.1NRT,328.7,1271.77,N
-36.72683,-72.9505,499.97,1.39,1.17,2026-01-18,0202,Terra,MODIS,100,6.1NRT,350.71,2598.6,N
-36.72842,-72.96619,430.83,1.39,1.17,2026-01-18,0202,Terra,MODIS,100,6.1NRT,310.14,798.88,N
-36.71324,-72.92045,323.36,1.39,1.17,2026-01-18,0202,Terra,MODIS,100,6.1NRT,295.56,29.13,N
-36.71479,-72.93582,405.18,1.39,1.17,2026-01-18,0202,Terra,MODIS,100,6.1NRT,314.81,456.68,N
-36.71642,-72.95198,499.97,1.39,1.17,2026-01-18,0202,Terra,MODIS,100,6.1NRT,330.83,2599.92,N
-36.71804,-72.96811,368.26,1.39,1.17,2026-01-18,0202,Terra,MODIS,100,6.1NRT,296.86,175.66,N
-36.70289,-72.92229,355.39,1.39,1.17,2026-01-18,0202,Terra,MODIS,100,6.1NRT,296.23,115.42,N
-36.7044,-72.93734,439.15,1.39,1.17,2026-01-18,0202,Terra,MODIS,100,6.1NRT,314.31,934.7,N
-36.70597,-72.95306,438.31,1.39,1.17,2026-01-18,0202,Terra,MODIS,100,6.1NRT,310.6,923.19,N
-36.70762,-72.96954,314.47,1.39,1.17,2026-01-18,0202,Terra,MODIS,51,6.1NRT,292.17,17.13,N
-36.69404,-72.93927,323.31,1.39,1.17,2026-01-18,0202,Terra,MODIS,100,6.1NRT,295.76,30.02,N
-36.69557,-72.95463,317.94,1.39,1.17,2026-01-18,0202,Terra,MODIS,96,6.1NRT,294.25,22.05,N
-36.64928,-72.70087,316.21,1.35,1.15,2026-01-18,0202,Terra,MODIS,93,6.1NRT,292.4,21.43,N
-36.64052,-72.69273,323.6,1.34,1.15,2026-01-18,0202,Terra,MODIS,100,6.1NRT,293.4,32.6,N
-36.64209,-72.70763,327,1.35,1.15,2026-01-18,0202,Terra,MODIS,100,6.1NRT,293.02,38.45,N
-36.63029,-72.69439,349.3,1.34,1.15,2026-01-18,0202,Terra,MODIS,100,6.1NRT,295.86,93.88,N
-36.63187,-72.7094,349.13,1.35,1.15,2026-01-18,0202,Terra,MODIS,100,6.1NRT,296.1,93.49,N
-36.62008,-72.69615,318.34,1.34,1.15,2026-01-18,0202,Terra,MODIS,97,6.1NRT,293.32,25.03,N
-36.62163,-72.71101,327,1.35,1.15,2026-01-18,0202,Terra,MODIS,100,6.1NRT,293.96,38.92,N
-36.58758,-72.58289,304.48,1.32,1.14,2026-01-18,0202,Terra,MODIS,60,6.1NRT,293.75,7.43,N
-36.57744,-72.58464,344.58,1.32,1.14,2026-01-18,0202,Terra,MODIS,100,6.1NRT,295.58,76.27,N
-36.58337,-72.64218,318.78,1.33,1.14,2026-01-18,0202,Terra,MODIS,97,6.1NRT,293.67,24.51,N
-36.5732,-72.64407,307.86,1.33,1.14,2026-01-18,0202,Terra,MODIS,73,6.1NRT,293.24,11.86,N
-36.5292,-72.57762,320.26,2.52,1.53,2026-01-18,0809,Aqua,MODIS,100,6.1NRT,290.63,73.99,N
-36.5314,-72.54985,303.97,2.53,1.53,2026-01-18,0809,Aqua,MODIS,58,6.1NRT,286.74,26.28,N
-36.54284,-72.57903,380.8,2.52,1.53,2026-01-18,0809,Aqua,MODIS,100,6.1NRT,299.59,607.12,N
-36.54505,-72.5514,304.36,2.53,1.53,2026-01-18,0809,Aqua,MODIS,59,6.1NRT,288.07,26.69,N
-36.52206,-72.5846,303.85,2.52,1.53,2026-01-18,0809,Aqua,MODIS,57,6.1NRT,289.82,27.98,N
-36.52407,-72.55681,302.91,2.53,1.53,2026-01-18,0809,Aqua,MODIS,52,6.1NRT,287.71,25.65,N
-36.53574,-72.58537,359.65,2.52,1.53,2026-01-18,0809,Aqua,MODIS,100,6.1NRT,293.75,332.06,N
-36.53777,-72.55777,325.77,2.53,1.53,2026-01-18,0809,Aqua,MODIS,100,6.1NRT,289.87,95.39,N
-36.55141,-72.55949,329.63,2.53,1.53,2026-01-18,0809,Aqua,MODIS,100,6.1NRT,291.8,113.13,N
-36.61745,-72.59553,315.84,2.52,1.53,2026-01-18,0809,Aqua,MODIS,92,6.1NRT,288.53,59.37,N
-36.61975,-72.56661,305.85,2.53,1.53,2026-01-18,0809,Aqua,MODIS,66,6.1NRT,288.87,31.41,N
-36.6116,-72.60046,310.45,2.52,1.53,2026-01-18,0809,Aqua,MODIS,80,6.1NRT,288.4,43.19,N
-36.61369,-72.57156,312.49,2.53,1.53,2026-01-18,0809,Aqua,MODIS,85,6.1NRT,289.36,49.3,N
-36.6521,-72.95946,361.49,2.39,1.49,2026-01-18,0809,Aqua,MODIS,100,6.1NRT,296.78,323.51,N
-36.65411,-72.93435,309.45,2.4,1.49,2026-01-18,0809,Aqua,MODIS,18,6.1NRT,290.96,32.59,N
-36.66339,-72.98599,368.54,2.38,1.49,2026-01-18,0809,Aqua,MODIS,100,6.1NRT,290.57,400.72,N
-36.66537,-72.96147,433.52,2.39,1.49,2026-01-18,0809,Aqua,MODIS,100,6.1NRT,313.23,1851.99,N
-36.66749,-72.93534,345.09,2.4,1.49,2026-01-18,0809,Aqua,MODIS,100,6.1NRT,295.64,184.58,N
-36.68075,-72.9378,335.78,2.4,1.49,2026-01-18,0809,Aqua,MODIS,100,6.1NRT,295.59,130.67,N
-36.68287,-72.91184,307.57,2.41,1.5,2026-01-18,0809,Aqua,MODIS,40,6.1NRT,289.74,29.3,N
-36.69406,-72.93955,335.43,2.4,1.49,2026-01-18,0809,Aqua,MODIS,100,6.1NRT,295.42,128.68,N
-36.69625,-72.91306,327.25,2.41,1.5,2026-01-18,0809,Aqua,MODIS,100,6.1NRT,291.17,92.51,N
-36.66249,-72.94195,344.03,2.4,1.49,2026-01-18,0809,Aqua,MODIS,100,6.1NRT,299.29,179.05,N
-36.67579,-72.94396,361.7,2.4,1.49,2026-01-18,0809,Aqua,MODIS,100,6.1NRT,298.99,325.14,N
-36.67773,-72.91812,320.96,2.41,1.5,2026-01-18,0809,Aqua,MODIS,100,6.1NRT,291.34,69.38,N
-36.68907,-72.94622,324.41,2.4,1.49,2026-01-18,0809,Aqua,MODIS,100,6.1NRT,295.44,80.25,N
-36.69108,-72.9198,328.57,2.41,1.5,2026-01-18,0809,Aqua,MODIS,100,6.1NRT,292.28,96.92,N
-36.70238,-72.9481,334.8,2.4,1.49,2026-01-18,0809,Aqua,MODIS,100,6.1NRT,295.96,127.12,N
-36.70443,-72.92145,336.18,2.41,1.5,2026-01-18,0809,Aqua,MODIS,100,6.1NRT,293.05,135.32,N
-36.71389,-72.973,356.7,2.39,1.49,2026-01-18,0809,Aqua,MODIS,100,6.1NRT,294.32,278.09,N
-36.71579,-72.94858,327.3,2.4,1.49,2026-01-18,0809,Aqua,MODIS,100,6.1NRT,294.74,91.66,N
-36.71776,-72.92327,304.84,2.41,1.5,2026-01-18,0809,Aqua,MODIS,38,6.1NRT,290.88,24.05,N
-36.72718,-72.97484,357.33,2.39,1.49,2026-01-18,0809,Aqua,MODIS,100,6.1NRT,294.56,279.88,N
-36.72915,-72.9498,320.88,2.4,1.49,2026-01-18,0809,Aqua,MODIS,93,6.1NRT,294.24,65.21,N
-36.73112,-72.92477,323.56,2.41,1.5,2026-01-18,0809,Aqua,MODIS,77,6.1NRT,291.86,71.97,N
-36.73322,-72.89803,319.36,2.42,1.5,2026-01-18,0809,Aqua,MODIS,78,6.1NRT,289.33,60.65,N
-36.75016,-72.6797,327.36,2.5,1.52,2026-01-18,0809,Aqua,MODIS,100,6.1NRT,289.77,99.84,N
-36.75227,-72.65202,361.51,2.51,1.52,2026-01-18,0809,Aqua,MODIS,100,6.1NRT,295.02,348.5,N
-36.74043,-72.97707,370,2.39,1.49,2026-01-18,0809,Aqua,MODIS,100,6.1NRT,297.97,411.57,N
-36.74234,-72.95306,341.5,2.4,1.49,2026-01-18,0809,Aqua,MODIS,100,6.1NRT,297.62,162.24,N
-36.76374,-72.68114,325.3,2.5,1.52,2026-01-18,0809,Aqua,MODIS,100,6.1NRT,290.53,90.25,N
-36.76587,-72.65365,382.73,2.51,1.52,2026-01-18,0809,Aqua,MODIS,100,6.1NRT,299.72,634.13,N
-36.76805,-72.62539,306.5,2.52,1.53,2026-01-18,0809,Aqua,MODIS,68,6.1NRT,289.12,31.51,N
-36.75371,-72.97906,345.09,2.39,1.49,2026-01-18,0809,Aqua,MODIS,100,6.1NRT,295.08,184.94,N
-36.75572,-72.95407,359.46,2.4,1.49,2026-01-18,0809,Aqua,MODIS,100,6.1NRT,298.91,303.09,N
-36.75779,-72.92836,309.89,2.41,1.5,2026-01-18,0809,Aqua,MODIS,39,6.1NRT,291.93,33.61,N
-36.76001,-72.90083,319.73,2.42,1.5,2026-01-18,0809,Aqua,MODIS,99,6.1NRT,290.1,64.96,N
-36.77946,-72.65536,364.59,2.51,1.52,2026-01-18,0809,Aqua,MODIS,100,6.1NRT,295.6,380.79,N
-36.78165,-72.62732,320.39,2.52,1.53,2026-01-18,0809,Aqua,MODIS,100,6.1NRT,289.73,70.85,N
-36.76696,-72.98129,344.46,2.39,1.49,2026-01-18,0809,Aqua,MODIS,100,6.1NRT,293.92,179.17,N
-36.76903,-72.95592,420.32,2.4,1.49,2026-01-18,0809,Aqua,MODIS,100,6.1NRT,307.37,1423.63,N
-36.77127,-72.92842,320.8,2.41,1.5,2026-01-18,0809,Aqua,MODIS,100,6.1NRT,293.56,65.77,N
-36.77342,-72.90199,359.06,2.42,1.5,2026-01-18,0809,Aqua,MODIS,100,6.1NRT,294.54,303.61,N
-36.77566,-72.87447,313.37,2.43,1.5,2026-01-18,0809,Aqua,MODIS,87,6.1NRT,288.76,45.54,N
-36.79307,-72.65691,343.31,2.51,1.52,2026-01-18,0809,Aqua,MODIS,100,6.1NRT,292.05,189.01,N
-36.79526,-72.62917,321.58,2.52,1.53,2026-01-18,0809,Aqua,MODIS,100,6.1NRT,289.44,75.44,N
-36.78255,-72.95535,403.63,2.4,1.49,2026-01-18,0809,Aqua,MODIS,100,6.1NRT,302.27,981.37,N
-36.78477,-72.92841,342.73,2.41,1.5,2026-01-18,0809,Aqua,MODIS,100,6.1NRT,294.93,171.06,N
-36.78688,-72.90269,341.57,2.42,1.5,2026-01-18,0809,Aqua,MODIS,100,6.1NRT,292.81,165.92,N
-36.7891,-72.87563,317.4,2.43,1.5,2026-01-18,0809,Aqua,MODIS,95,6.1NRT,288.81,57.3,N
-36.80669,-72.65819,300.26,2.51,1.52,2026-01-18,0809,Aqua,MODIS,23,6.1NRT,289.25,17.95,N
-36.75012,-72.98318,344.78,2.39,1.49,2026-01-18,0809,Aqua,MODIS,100,6.1NRT,294.83,180.87,N
-36.75196,-72.95847,361.67,2.4,1.49,2026-01-18,0809,Aqua,MODIS,100,6.1NRT,301.45,314.36,N
-36.75385,-72.93314,316.21,2.41,1.5,2026-01-18,0809,Aqua,MODIS,79,6.1NRT,293.53,50.34,N
-36.77377,-72.65961,360.38,2.51,1.52,2026-01-18,0809,Aqua,MODIS,100,6.1NRT,296.73,335.81,N
-36.77577,-72.63165,324.75,2.52,1.53,2026-01-18,0809,Aqua,MODIS,100,6.1NRT,291.99,88.99,N
-36.76526,-72.96048,395.45,2.4,1.49,2026-01-18,0809,Aqua,MODIS,100,6.1NRT,300.66,806.06,N
-36.76726,-72.93391,329.68,2.41,1.5,2026-01-18,0809,Aqua,MODIS,99,6.1NRT,294.29,98.9,N
-36.76928,-72.90683,348.2,2.42,1.5,2026-01-18,0809,Aqua,MODIS,100,6.1NRT,292.88,208.46,N
-36.77134,-72.87927,323.93,2.43,1.5,2026-01-18,0809,Aqua,MODIS,100,6.1NRT,289.56,78.23,N
-36.78738,-72.66116,343.13,2.51,1.52,2026-01-18,0809,Aqua,MODIS,100,6.1NRT,292.12,191.08,N
-36.78938,-72.63359,333.89,2.52,1.53,2026-01-18,0809,Aqua,MODIS,100,6.1NRT,291.42,135.54,N
-36.77869,-72.96074,414.43,2.4,1.49,2026-01-18,0809,Aqua,MODIS,100,6.1NRT,305,1251.06,N
-36.78077,-72.93333,364.19,2.41,1.5,2026-01-18,0809,Aqua,MODIS,100,6.1NRT,299.49,349.34,N
-36.78275,-72.90723,336.09,2.42,1.5,2026-01-18,0809,Aqua,MODIS,100,6.1NRT,293.42,130.96,N
-36.78477,-72.88046,322.64,2.43,1.5,2026-01-18,0809,Aqua,MODIS,100,6.1NRT,290.24,73.22,N
-36.80098,-72.66269,319.56,2.51,1.52,2026-01-18,0809,Aqua,MODIS,99,6.1NRT,289.98,71.38,N
-36.80303,-72.63481,316.11,2.52,1.53,2026-01-18,0809,Aqua,MODIS,93,6.1NRT,289.43,59.94,N
-36.79217,-72.96046,349.46,2.4,1.49,2026-01-18,0809,Aqua,MODIS,100,6.1NRT,293.89,217.37,N
-36.79419,-72.9341,346.69,2.41,1.5,2026-01-18,0809,Aqua,MODIS,100,6.1NRT,294.87,197.17,N
-36.79613,-72.90884,327.68,2.42,1.5,2026-01-18,0809,Aqua,MODIS,100,6.1NRT,291.66,91.58,N
-36.79821,-72.8816,320.88,2.43,1.5,2026-01-18,0809,Aqua,MODIS,100,6.1NRT,288.92,67.88,N
-36.80346,-72.98832,312.35,2.39,1.49,2026-01-18,0809,Aqua,MODIS,85,6.1NRT,290.22,41.52,N
-36.8055,-72.96204,398.71,2.4,1.49,2026-01-18,0809,Aqua,MODIS,100,6.1NRT,303.02,878.65,N
-36.80755,-72.93569,392.69,2.41,1.5,2026-01-18,0809,Aqua,MODIS,100,6.1NRT,302.2,761.92,N
-36.80954,-72.91001,343.02,2.42,1.5,2026-01-18,0809,Aqua,MODIS,100,6.1NRT,293.38,175.58,N
-36.81166,-72.88257,308.81,2.43,1.5,2026-01-18,0809,Aqua,MODIS,76,6.1NRT,288.76,34.14,N
-36.81679,-72.98963,336.22,2.39,1.49,2026-01-18,0809,Aqua,MODIS,100,6.1NRT,289.59,136.05,N
-36.81874,-72.96482,416.83,2.4,1.49,2026-01-18,0809,Aqua,MODIS,100,6.1NRT,309.65,1323.91,N
-36.82086,-72.93797,362.33,2.41,1.5,2026-01-18,0809,Aqua,MODIS,100,6.1NRT,300.16,331.71,N
-36.82302,-72.91032,316.81,2.42,1.5,2026-01-18,0809,Aqua,MODIS,74,6.1NRT,292.32,52.13,N
-36.83201,-72.96723,424.8,2.4,1.49,2026-01-18,0809,Aqua,MODIS,100,6.1NRT,306.3,1565.02,N
-36.83418,-72.93993,416.16,2.41,1.5,2026-01-18,0809,Aqua,MODIS,100,6.1NRT,312.41,1309.99,N
-36.8364,-72.91209,345.4,2.42,1.5,2026-01-18,0809,Aqua,MODIS,100,6.1NRT,296.23,190.67,N
-36.83848,-72.88569,318.79,2.43,1.5,2026-01-18,0809,Aqua,MODIS,50,6.1NRT,291.21,58.16,N
-36.84528,-72.96953,369.1,2.4,1.49,2026-01-18,0809,Aqua,MODIS,100,6.1NRT,293.88,405.83,N
-36.84744,-72.94267,422.88,2.41,1.5,2026-01-18,0809,Aqua,MODIS,100,6.1NRT,310.56,1508.19,N
-36.84975,-72.91401,413.43,2.42,1.5,2026-01-18,0809,Aqua,MODIS,100,6.1NRT,306.04,1241.84,N
-36.8519,-72.88713,335.83,2.43,1.5,2026-01-18,0809,Aqua,MODIS,100,6.1NRT,293.42,135.91,N
-36.85399,-72.86091,300.11,2.44,1.51,2026-01-18,0809,Aqua,MODIS,15,6.1NRT,287.91,15.67,N
-36.85861,-72.97112,301.1,2.4,1.49,2026-01-18,0809,Aqua,MODIS,12,6.1NRT,290.24,14.09,N
-36.86079,-72.94438,363.99,2.41,1.5,2026-01-18,0809,Aqua,MODIS,100,6.1NRT,293.62,349.76,N
-36.86303,-72.91686,397.26,2.42,1.5,2026-01-18,0809,Aqua,MODIS,100,6.1NRT,299.01,857.9,N
-36.86523,-72.8896,363.09,2.43,1.5,2026-01-18,0809,Aqua,MODIS,100,6.1NRT,295.67,345.39,N
-36.86745,-72.86213,312.64,2.44,1.51,2026-01-18,0809,Aqua,MODIS,85,6.1NRT,288.75,44.45,N
-36.87637,-72.9189,338.05,2.42,1.5,2026-01-18,0809,Aqua,MODIS,100,6.1NRT,290.68,140.67,N
-36.87858,-72.89187,353.9,2.43,1.5,2026-01-18,0809,Aqua,MODIS,100,6.1NRT,294.47,255.93,N
-36.88083,-72.86432,332.09,2.44,1.51,2026-01-18,0809,Aqua,MODIS,100,6.1NRT,291.11,116.14,N
-36.84032,-72.97565,352.76,2.4,1.49,2026-01-18,0809,Aqua,MODIS,100,6.1NRT,292.34,244.97,N
-36.84225,-72.94958,411.17,2.41,1.5,2026-01-18,0809,Aqua,MODIS,100,6.1NRT,313.71,1174.64,N
-36.84437,-72.92081,377.98,2.42,1.5,2026-01-18,0809,Aqua,MODIS,100,6.1NRT,303.59,525.02,N
-36.84635,-72.89387,330.85,2.43,1.5,2026-01-18,0809,Aqua,MODIS,100,6.1NRT,295.01,109.13,N
-36.85557,-72.95156,402.04,2.41,1.5,2026-01-18,0809,Aqua,MODIS,100,6.1NRT,299.1,955.81,N
-36.85767,-72.92346,401.03,2.42,1.5,2026-01-18,0809,Aqua,MODIS,100,6.1NRT,301.72,934.36,N
-36.85972,-72.89595,368.64,2.43,1.5,2026-01-18,0809,Aqua,MODIS,100,6.1NRT,298.03,404.44,N
-36.86174,-72.86868,319.15,2.44,1.51,2026-01-18,0809,Aqua,MODIS,98,6.1NRT,289.88,61.71,N
-36.87099,-72.92581,364.12,2.42,1.5,2026-01-18,0809,Aqua,MODIS,100,6.1NRT,291.05,353.55,N
-36.87304,-72.89858,376.82,2.43,1.5,2026-01-18,0809,Aqua,MODIS,100,6.1NRT,296.56,511.33,N
-36.87511,-72.8711,331.5,2.44,1.51,2026-01-18,0809,Aqua,MODIS,100,6.1NRT,290.68,113.6,N
-36.88643,-72.90038,361.53,2.43,1.5,2026-01-18,0809,Aqua,MODIS,100,6.1NRT,292.9,330.79,N
-36.88853,-72.87273,394.19,2.44,1.51,2026-01-18,0809,Aqua,MODIS,100,6.1NRT,298.95,810.26,N
-36.89981,-72.90221,310.41,2.43,1.5,2026-01-18,0809,Aqua,MODIS,74,6.1NRT,288.49,36.97,N
-36.90195,-72.87449,343.5,2.44,1.51,2026-01-18,0809,Aqua,MODIS,100,6.1NRT,291.05,184.65,N
-36.91323,-72.90363,315.16,2.43,1.5,2026-01-18,0809,Aqua,MODIS,91,6.1NRT,287.97,52.49,N
-36.91539,-72.87595,318.67,2.44,1.51,2026-01-18,0809,Aqua,MODIS,97,6.1NRT,289.09,64.29,N
-37.28087,-72.6319,300.03,2.55,1.54,2026-01-18,0809,Aqua,MODIS,6,6.1NRT,287.87,18.48,N
-37.29458,-72.63343,312.73,2.55,1.54,2026-01-18,0809,Aqua,MODIS,86,6.1NRT,288.87,48.87,N
-37.30828,-72.63511,319.8,2.55,1.54,2026-01-18,0809,Aqua,MODIS,99,6.1NRT,290.14,70.59,N
-37.32201,-72.63646,339.23,2.55,1.54,2026-01-18,0809,Aqua,MODIS,100,6.1NRT,292.01,164.05,N
-37.33573,-72.63802,307.65,2.55,1.54,2026-01-18,0809,Aqua,MODIS,7,6.1NRT,289.1,30.73,N
-37.33793,-72.60939,322.36,2.56,1.54,2026-01-18,0809,Aqua,MODIS,100,6.1NRT,289.88,80.18,N
-37.35165,-72.61119,308.99,2.56,1.54,2026-01-18,0809,Aqua,MODIS,33,6.1NRT,289.08,35.72,N
-37.3155,-72.64101,326.57,2.55,1.54,2026-01-18,0809,Aqua,MODIS,100,6.1NRT,290.8,100.04,N
-37.31749,-72.61243,313.59,2.56,1.54,2026-01-18,0809,Aqua,MODIS,87,6.1NRT,290,51.97,N
-37.32922,-72.64243,320.67,2.55,1.54,2026-01-18,0809,Aqua,MODIS,100,6.1NRT,289.42,74.52,N
-37.33123,-72.61392,326.55,2.56,1.54,2026-01-18,0809,Aqua,MODIS,100,6.1NRT,290.94,101.42,N
-37.34497,-72.6155,311.38,2.56,1.54,2026-01-18,0809,Aqua,MODIS,82,6.1NRT,289.52,45.27,N
-37.35872,-72.61695,302.37,2.56,1.54,2026-01-18,0809,Aqua,MODIS,49,6.1NRT,288.82,24.02,N
-37.45528,-72.89329,316.03,2.47,1.51,2026-01-18,0809,Aqua,MODIS,92,6.1NRT,292.39,53.26,N
-37.45748,-72.86441,348.29,2.48,1.52,2026-01-18,0809,Aqua,MODIS,100,6.1NRT,295.5,221.54,N
-37.46879,-72.8948,325,2.47,1.51,2026-01-18,0809,Aqua,MODIS,100,6.1NRT,292.75,86.75,N
-37.47107,-72.86523,366.98,2.48,1.52,2026-01-18,0809,Aqua,MODIS,100,6.1NRT,297.16,401.54,N
-36.546,-72.57902,352.14,1.91,1.35,2026-01-18,1301,Terra,MODIS,0,6.1NRT,301.71,158.76,D
-36.54982,-72.58736,349.7,1.91,1.35,2026-01-18,1301,Terra,MODIS,0,6.1NRT,302.98,142.53,D
-36.67153,-72.94577,380.82,2,1.38,2026-01-18,1301,Terra,MODIS,75,6.1NRT,304.42,411.92,D
-36.67382,-72.95331,359.37,2,1.38,2026-01-18,1301,Terra,MODIS,75,6.1NRT,302.8,203.9,D
-36.7312,-72.67726,323.56,1.91,1.35,2026-01-18,1301,Terra,MODIS,78,6.1NRT,298.54,44.56,D
-36.69048,-72.9349,389.08,1.99,1.38,2026-01-18,1301,Terra,MODIS,100,6.1NRT,306.27,509.98,D
-36.74299,-72.6811,358.02,1.91,1.35,2026-01-18,1301,Terra,MODIS,99,6.1NRT,300.81,194.8,D
-36.80089,-72.39777,309.61,1.83,1.33,2026-01-18,1301,Terra,MODIS,38,6.1NRT,297.52,11.5,D
-36.75906,-72.66402,341.56,1.91,1.35,2026-01-18,1301,Terra,MODIS,91,6.1NRT,301.66,102.95,D
-36.77085,-72.66774,341.66,1.91,1.35,2026-01-18,1301,Terra,MODIS,91,6.1NRT,301.74,103.41,D
-36.7869,-72.65048,338.14,1.9,1.35,2026-01-18,1301,Terra,MODIS,89,6.1NRT,301.65,87.68,D
-36.74123,-72.99979,337.8,2,1.38,2026-01-18,1301,Terra,MODIS,49,6.1NRT,296.15,90.91,D
-36.74586,-72.97703,341.97,2,1.38,2026-01-18,1301,Terra,MODIS,86,6.1NRT,301.58,103.42,D
-36.7594,-72.91049,332.09,1.98,1.37,2026-01-18,1301,Terra,MODIS,50,6.1NRT,298.74,63.54,D
-36.75338,-73.00312,345.96,2,1.38,2026-01-18,1301,Terra,MODIS,75,6.1NRT,298.92,130.1,D
-36.75802,-72.98022,358.27,2,1.38,2026-01-18,1301,Terra,MODIS,99,6.1NRT,304.52,197.83,D
-36.77125,-72.91493,352.72,1.98,1.37,2026-01-18,1301,Terra,MODIS,94,6.1NRT,300.68,155.45,D
-36.74833,-72.98379,355.76,2,1.38,2026-01-18,1301,Terra,MODIS,87,6.1NRT,303.16,180.94,D
-36.76234,-72.91702,334.97,1.98,1.37,2026-01-18,1301,Terra,MODIS,34,6.1NRT,299.8,67.75,D
-36.75573,-73.00974,336.29,2,1.38,2026-01-18,1301,Terra,MODIS,50,6.1NRT,296.57,84.42,D
-36.76048,-72.98704,368.91,2,1.38,2026-01-18,1301,Terra,MODIS,100,6.1NRT,305.53,284.94,D
-36.7786,-72.90032,341.07,1.97,1.37,2026-01-18,1301,Terra,MODIS,73,6.1NRT,298.26,98.68,D
-36.77252,-72.99084,404.85,2,1.38,2026-01-18,1301,Terra,MODIS,100,6.1NRT,309.79,757.33,D
-36.77711,-72.96882,352.59,1.99,1.38,2026-01-18,1301,Terra,MODIS,89,6.1NRT,304.42,153.33,D
-36.79048,-72.9045,337.57,1.97,1.37,2026-01-18,1301,Terra,MODIS,52,6.1NRT,300.23,84.69,D
-36.78441,-72.99535,342.28,2,1.38,2026-01-18,1301,Terra,MODIS,73,6.1NRT,296.34,107.74,D
-36.78885,-72.97398,398.9,1.99,1.38,2026-01-18,1301,Terra,MODIS,100,6.1NRT,307.96,645.06,D
-36.79325,-72.95276,381.19,1.98,1.37,2026-01-18,1301,Terra,MODIS,100,6.1NRT,305.88,396.67,D
-36.80246,-72.90824,357.53,1.97,1.37,2026-01-18,1301,Terra,MODIS,89,6.1NRT,303.09,188.07,D
-36.80529,-72.95635,343.08,1.98,1.37,2026-01-18,1301,Terra,MODIS,79,6.1NRT,300.04,104.74,D
-36.81426,-72.91282,402.11,1.97,1.37,2026-01-18,1301,Terra,MODIS,100,6.1NRT,307.27,687.91,D
-36.81279,-72.98209,320.68,1.99,1.38,2026-01-18,1301,Terra,MODIS,31,6.1NRT,296.42,31.07,D
-36.81754,-72.95894,368.04,1.98,1.37,2026-01-18,1301,Terra,MODIS,100,6.1NRT,301.55,272.44,D
-36.82184,-72.938,400.83,1.98,1.37,2026-01-18,1301,Terra,MODIS,100,6.1NRT,306.81,672.91,D
-36.82489,-72.98544,379.35,1.99,1.38,2026-01-18,1301,Terra,MODIS,100,6.1NRT,304.65,393.63,D
-36.82964,-72.96223,356.15,1.98,1.37,2026-01-18,1301,Terra,MODIS,97,6.1NRT,302.51,185.98,D
-36.83393,-72.94122,380.53,1.98,1.37,2026-01-18,1301,Terra,MODIS,100,6.1NRT,303.11,398.11,D
-36.8425,-72.8993,335.66,1.96,1.37,2026-01-18,1301,Terra,MODIS,51,6.1NRT,299.42,76.57,D
-36.84172,-72.96563,387.35,1.98,1.37,2026-01-18,1301,Terra,MODIS,100,6.1NRT,306.86,488.64,D
-36.8461,-72.94411,345.9,1.98,1.37,2026-01-18,1301,Terra,MODIS,88,6.1NRT,300.63,126.13,D
-36.85017,-72.92413,356.29,1.97,1.37,2026-01-18,1301,Terra,MODIS,98,6.1NRT,304.6,178.66,D
-36.8581,-72.94775,364.39,1.98,1.37,2026-01-18,1301,Terra,MODIS,100,6.1NRT,304.41,253.43,D
-36.86236,-72.92676,411.09,1.97,1.37,2026-01-18,1301,Terra,MODIS,100,6.1NRT,311.86,857.04,D
-36.8666,-72.90585,332.57,1.96,1.37,2026-01-18,1301,Terra,MODIS,62,6.1NRT,302.53,65.59,D
-36.82715,-72.99337,357.74,1.99,1.38,2026-01-18,1301,Terra,MODIS,99,6.1NRT,300.54,202.33,D
-36.83204,-72.97021,366.09,1.98,1.37,2026-01-18,1301,Terra,MODIS,100,6.1NRT,305.6,263.41,D
-36.83665,-72.9483,337.54,1.98,1.37,2026-01-18,1301,Terra,MODIS,45,6.1NRT,300.73,84.66,D
-36.84413,-72.97356,378.96,1.98,1.37,2026-01-18,1301,Terra,MODIS,100,6.1NRT,304.34,395.42,D
-36.8488,-72.95132,356.87,1.98,1.37,2026-01-18,1301,Terra,MODIS,98,6.1NRT,303.09,194.09,D
-36.85298,-72.93138,362.35,1.97,1.37,2026-01-18,1301,Terra,MODIS,100,6.1NRT,305.53,223.83,D
-36.86073,-72.95538,350.79,1.98,1.37,2026-01-18,1301,Terra,MODIS,96,6.1NRT,301.63,159.7,D
-36.86514,-72.93423,400.87,1.97,1.37,2026-01-18,1301,Terra,MODIS,100,6.1NRT,306.66,676.57,D
-36.86948,-72.91341,382.35,1.96,1.37,2026-01-18,1301,Terra,MODIS,100,6.1NRT,306.12,417.41,D
-36.88147,-72.917,361.52,1.96,1.37,2026-01-18,1301,Terra,MODIS,100,6.1NRT,300.52,225.81,D
-36.88592,-72.89557,339.76,1.96,1.37,2026-01-18,1301,Terra,MODIS,89,6.1NRT,301.5,98.8,D
-36.8979,-72.89911,355.8,1.96,1.37,2026-01-18,1301,Terra,MODIS,98,6.1NRT,302.09,188.13,D
-36.90981,-72.90298,337.15,1.96,1.37,2026-01-18,1301,Terra,MODIS,89,6.1NRT,298.08,95.84,D
-37.34041,-72.62691,332.79,1.84,1.33,2026-01-18,1301,Terra,MODIS,84,6.1NRT,299.1,64.5,D
-37.47536,-72.88932,322.26,1.38,1.16,2026-01-18,2006,Aqua,MODIS,70,6.1NRT,308.69,20.83,D
-37.3626,-72.60981,346.39,1.33,1.14,2026-01-18,2006,Aqua,MODIS,86,6.1NRT,314.16,60.14,D
-37.36601,-72.6398,337.63,1.34,1.15,2026-01-18,2006,Aqua,MODIS,66,6.1NRT,311.39,34.28,D
-37.35243,-72.6115,385.23,1.33,1.14,2026-01-18,2006,Aqua,MODIS,100,6.1NRT,323.39,245.97,D
-37.35581,-72.64137,353.62,1.34,1.15,2026-01-18,2006,Aqua,MODIS,96,6.1NRT,311.57,81,D
-37.35748,-72.65617,334.3,1.34,1.15,2026-01-18,2006,Aqua,MODIS,41,6.1NRT,310.88,27.06,D
-37.31247,-72.35101,324.25,1.29,1.13,2026-01-18,2006,Aqua,MODIS,72,6.1NRT,311.98,16.87,D
-37.34063,-72.59863,339.31,1.33,1.14,2026-01-18,2006,Aqua,MODIS,44,6.1NRT,307.12,41,D
-37.34229,-72.61343,411.33,1.33,1.14,2026-01-18,2006,Aqua,MODIS,100,6.1NRT,327.24,475.23,D
-37.34563,-72.64311,368.62,1.34,1.15,2026-01-18,2006,Aqua,MODIS,100,6.1NRT,310.94,142.57,D
-37.34729,-72.65793,346.15,1.34,1.15,2026-01-18,2006,Aqua,MODIS,71,6.1NRT,312.64,55.13,D
-37.30082,-72.33843,336.91,1.29,1.13,2026-01-18,2006,Aqua,MODIS,86,6.1NRT,309.37,39.23,D
-37.30246,-72.35282,345.54,1.29,1.13,2026-01-18,2006,Aqua,MODIS,92,6.1NRT,312.74,61.27,D
-37.33214,-72.6152,387.57,1.33,1.14,2026-01-18,2006,Aqua,MODIS,100,6.1NRT,316.75,258.43,D
-37.32198,-72.61697,365.4,1.33,1.14,2026-01-18,2006,Aqua,MODIS,100,6.1NRT,310.04,135.26,D
-37.31183,-72.61882,346.99,1.33,1.14,2026-01-18,2006,Aqua,MODIS,93,6.1NRT,309.1,67.94,D
-37.31346,-72.63356,331.6,1.33,1.14,2026-01-18,2006,Aqua,MODIS,38,6.1NRT,311.49,27.63,D
-37.31511,-72.64841,333.84,1.34,1.15,2026-01-18,2006,Aqua,MODIS,67,6.1NRT,309.67,30.53,D
-37.31674,-72.66321,367,1.34,1.15,2026-01-18,2006,Aqua,MODIS,100,6.1NRT,313.71,142.53,D
-37.30167,-72.62061,353.84,1.33,1.14,2026-01-18,2006,Aqua,MODIS,97,6.1NRT,308.15,91.47,D
-37.3033,-72.63534,345.85,1.33,1.14,2026-01-18,2006,Aqua,MODIS,92,6.1NRT,310.53,64.66,D
-36.92815,-72.89661,377.74,1.36,1.16,2026-01-18,2006,Aqua,MODIS,100,6.1NRT,315.07,211.87,D
-36.92985,-72.91177,383.57,1.36,1.16,2026-01-18,2006,Aqua,MODIS,100,6.1NRT,318.47,250.82,D
-36.91454,-72.86829,340.14,1.36,1.15,2026-01-18,2006,Aqua,MODIS,88,6.1NRT,307.02,53.46,D
-36.91618,-72.88308,384.02,1.36,1.15,2026-01-18,2006,Aqua,MODIS,100,6.1NRT,314.82,251.56,D
-36.91783,-72.89787,424.91,1.36,1.16,2026-01-18,2006,Aqua,MODIS,100,6.1NRT,318.73,670.93,D
-36.91954,-72.91319,439.94,1.36,1.16,2026-01-18,2006,Aqua,MODIS,100,6.1NRT,330.22,913.32,D
-36.90429,-72.87003,431.58,1.36,1.15,2026-01-18,2006,Aqua,MODIS,100,6.1NRT,316.67,768.89,D
-36.90593,-72.8848,431.94,1.36,1.15,2026-01-18,2006,Aqua,MODIS,100,6.1NRT,325.57,775.36,D
-36.90755,-72.89949,339.23,1.36,1.16,2026-01-18,2006,Aqua,MODIS,84,6.1NRT,305.45,45.18,D
-36.90927,-72.91492,363.15,1.36,1.16,2026-01-18,2006,Aqua,MODIS,100,6.1NRT,307.28,131.25,D
-36.89406,-72.87192,353.13,1.36,1.15,2026-01-18,2006,Aqua,MODIS,96,6.1NRT,305.01,93.19,D
-36.89566,-72.88641,356.94,1.36,1.15,2026-01-18,2006,Aqua,MODIS,98,6.1NRT,306.22,108.37,D
-36.8973,-72.90132,323.9,1.36,1.16,2026-01-18,2006,Aqua,MODIS,50,6.1NRT,304.66,18.38,D
-36.89899,-72.9166,352.27,1.36,1.16,2026-01-18,2006,Aqua,MODIS,96,6.1NRT,306.92,88.79,D
-36.88382,-72.87373,328.44,1.36,1.15,2026-01-18,2006,Aqua,MODIS,48,6.1NRT,302.36,27.01,D
-36.88542,-72.88824,345.81,1.36,1.15,2026-01-18,2006,Aqua,MODIS,92,6.1NRT,303.83,68.4,D
-36.88872,-72.91837,346.89,1.36,1.16,2026-01-18,2006,Aqua,MODIS,92,6.1NRT,307.1,70.66,D
-36.82181,-72.41035,344,1.28,1.12,2026-01-18,2006,Aqua,MODIS,91,6.1NRT,314.49,48.41,D
-36.87845,-72.92014,379.6,1.36,1.16,2026-01-18,2006,Aqua,MODIS,100,6.1NRT,310.33,217.42,D
-36.88006,-72.93494,378.46,1.37,1.16,2026-01-18,2006,Aqua,MODIS,100,6.1NRT,312.01,213.41,D
-36.81023,-72.39791,340.85,1.28,1.12,2026-01-18,2006,Aqua,MODIS,82,6.1NRT,310.51,39.35,D
-36.86335,-72.8774,327.39,1.36,1.15,2026-01-18,2006,Aqua,MODIS,55,6.1NRT,303.26,25.74,D
-36.86496,-72.8922,340.85,1.36,1.15,2026-01-18,2006,Aqua,MODIS,88,6.1NRT,304.88,54.12,D
-36.86818,-72.92182,336.65,1.36,1.16,2026-01-18,2006,Aqua,MODIS,82,6.1NRT,307.01,38.16,D
-36.86979,-72.93674,385.79,1.37,1.16,2026-01-18,2006,Aqua,MODIS,100,6.1NRT,315.65,263.44,D
-36.87143,-72.95194,333.52,1.37,1.16,2026-01-18,2006,Aqua,MODIS,50,6.1NRT,308.65,37.32,D
-36.79869,-72.38561,344.35,1.28,1.12,2026-01-18,2006,Aqua,MODIS,75,6.1NRT,311.52,49.51,D
-36.80027,-72.3997,362.33,1.28,1.12,2026-01-18,2006,Aqua,MODIS,100,6.1NRT,315.87,107.24,D
-36.85314,-72.87943,342.62,1.36,1.15,2026-01-18,2006,Aqua,MODIS,90,6.1NRT,303.32,60.51,D
-36.85476,-72.89447,367.66,1.36,1.15,2026-01-18,2006,Aqua,MODIS,100,6.1NRT,306.88,154.12,D
-36.86112,-72.95349,334.62,1.37,1.16,2026-01-18,2006,Aqua,MODIS,48,6.1NRT,311.53,39.28,D
-36.7989,-72.39219,357.15,1.28,1.12,2026-01-18,2006,Aqua,MODIS,98,6.1NRT,313.55,90.4,D
-36.80056,-72.4063,333,1.28,1.12,2026-01-18,2006,Aqua,MODIS,51,6.1NRT,316.15,22.58,D
-36.85761,-72.90043,334.39,1.36,1.15,2026-01-18,2006,Aqua,MODIS,63,6.1NRT,304.97,37.72,D
-36.86092,-72.92973,331.25,1.36,1.16,2026-01-18,2006,Aqua,MODIS,46,6.1NRT,307.19,22.39,D
-36.7906,-72.40809,333.19,1.28,1.12,2026-01-18,2006,Aqua,MODIS,56,6.1NRT,318.83,23.43,D
-36.79226,-72.42226,354.04,1.28,1.12,2026-01-18,2006,Aqua,MODIS,97,6.1NRT,320.43,77.27,D
-36.84567,-72.88725,380.69,1.36,1.15,2026-01-18,2006,Aqua,MODIS,100,6.1NRT,304.09,229.45,D
-36.84739,-72.90243,378.16,1.36,1.15,2026-01-18,2006,Aqua,MODIS,100,6.1NRT,306.03,211.77,D
-36.80692,-72.63776,331.79,1.31,1.14,2026-01-18,2006,Aqua,MODIS,80,6.1NRT,310.62,28.62,D
-36.80858,-72.65228,352.3,1.32,1.14,2026-01-18,2006,Aqua,MODIS,96,6.1NRT,312.61,83.08,D
-36.81023,-72.66671,321.58,1.32,1.14,2026-01-18,2006,Aqua,MODIS,62,6.1NRT,310.31,11.4,D
-36.83545,-72.88921,416.13,1.36,1.15,2026-01-18,2006,Aqua,MODIS,100,6.1NRT,305.11,553.47,D
-36.83714,-72.90423,408.55,1.36,1.15,2026-01-18,2006,Aqua,MODIS,100,6.1NRT,307.23,464.14,D
-36.84547,-72.97869,392.36,1.37,1.16,2026-01-18,2006,Aqua,MODIS,100,6.1NRT,314.71,315.47,D
-36.79681,-72.63936,349.65,1.31,1.14,2026-01-18,2006,Aqua,MODIS,94,6.1NRT,312.4,73.63,D
-36.79847,-72.65397,347.68,1.32,1.14,2026-01-18,2006,Aqua,MODIS,93,6.1NRT,313.42,67.47,D
-36.80014,-72.66858,353.76,1.32,1.14,2026-01-18,2006,Aqua,MODIS,96,6.1NRT,311.74,87.88,D
-36.82691,-72.9062,370.31,1.36,1.15,2026-01-18,2006,Aqua,MODIS,100,6.1NRT,300.69,163.51,D
-36.83022,-72.9359,341.11,1.36,1.16,2026-01-18,2006,Aqua,MODIS,87,6.1NRT,303.3,47.52,D
-36.83523,-72.98091,350.6,1.37,1.16,2026-01-18,2006,Aqua,MODIS,95,6.1NRT,307.02,80.9,D
-36.83699,-72.99674,333.98,1.37,1.16,2026-01-18,2006,Aqua,MODIS,79,6.1NRT,306.31,37.06,D
-36.78672,-72.64109,347.87,1.31,1.14,2026-01-18,2006,Aqua,MODIS,93,6.1NRT,311.21,68.46,D
-36.78837,-72.65569,338.21,1.32,1.14,2026-01-18,2006,Aqua,MODIS,80,6.1NRT,313.02,41.53,D
-36.79003,-72.67038,334.12,1.32,1.14,2026-01-18,2006,Aqua,MODIS,61,6.1NRT,309.83,32.64,D
-36.81496,-72.89273,397.03,1.36,1.15,2026-01-18,2006,Aqua,MODIS,100,6.1NRT,302.64,352.2,D
-36.81663,-72.90772,429.53,1.36,1.15,2026-01-18,2006,Aqua,MODIS,100,6.1NRT,315.51,734.7,D
-36.77663,-72.64294,356.01,1.31,1.14,2026-01-18,2006,Aqua,MODIS,98,6.1NRT,310.23,97.46,D
-36.77827,-72.65749,353.7,1.32,1.14,2026-01-18,2006,Aqua,MODIS,96,6.1NRT,313.87,89.34,D
-36.77992,-72.6721,324.17,1.32,1.14,2026-01-18,2006,Aqua,MODIS,44,6.1NRT,309.2,16.02,D
-36.80304,-72.8793,368.15,1.35,1.15,2026-01-18,2006,Aqua,MODIS,100,6.1NRT,300.88,158.93,D
-36.80469,-72.89424,427.11,1.36,1.15,2026-01-18,2006,Aqua,MODIS,100,6.1NRT,307.87,698.87,D
-36.8063,-72.90886,395.86,1.36,1.15,2026-01-18,2006,Aqua,MODIS,100,6.1NRT,306.7,339.3,D
-36.76656,-72.64482,349.27,1.31,1.14,2026-01-18,2006,Aqua,MODIS,94,6.1NRT,307.63,75.5,D
-36.76818,-72.65936,366.68,1.32,1.14,2026-01-18,2006,Aqua,MODIS,100,6.1NRT,312.85,139.65,D
-36.76982,-72.67393,343.75,1.32,1.14,2026-01-18,2006,Aqua,MODIS,90,6.1NRT,311.47,56.7,D
-36.79278,-72.88083,411.39,1.35,1.15,2026-01-18,2006,Aqua,MODIS,100,6.1NRT,306.12,499.3,D
-36.79439,-72.89547,395.94,1.36,1.15,2026-01-18,2006,Aqua,MODIS,100,6.1NRT,306.24,342.02,D
-36.79605,-72.9106,343.46,1.36,1.15,2026-01-18,2006,Aqua,MODIS,90,6.1NRT,300.79,57.4,D
-36.75647,-72.64668,353.13,1.31,1.14,2026-01-18,2006,Aqua,MODIS,96,6.1NRT,306.06,89.11,D
-36.75808,-72.66109,375.97,1.32,1.14,2026-01-18,2006,Aqua,MODIS,100,6.1NRT,312.16,188.26,D
-36.75972,-72.67581,339.47,1.32,1.14,2026-01-18,2006,Aqua,MODIS,74,6.1NRT,311.57,45.11,D
-36.76134,-72.69037,331.5,1.32,1.14,2026-01-18,2006,Aqua,MODIS,49,6.1NRT,310.81,29.11,D
-36.78253,-72.88243,432.71,1.35,1.15,2026-01-18,2006,Aqua,MODIS,100,6.1NRT,309.56,787.24,D
-36.78415,-72.89729,387.68,1.36,1.15,2026-01-18,2006,Aqua,MODIS,100,6.1NRT,306.38,277.92,D
-36.78584,-72.91268,320.55,1.36,1.15,2026-01-18,2006,Aqua,MODIS,50,6.1NRT,300.47,12.7,D
-36.79082,-72.95837,320.04,1.37,1.16,2026-01-18,2006,Aqua,MODIS,32,6.1NRT,304.9,12.03,D
-36.79245,-72.97344,320.84,1.37,1.16,2026-01-18,2006,Aqua,MODIS,45,6.1NRT,304.01,13.35,D
-36.79412,-72.98877,328.33,1.37,1.16,2026-01-18,2006,Aqua,MODIS,73,6.1NRT,300.87,25.36,D
-36.79572,-73.00346,367.54,1.37,1.16,2026-01-18,2006,Aqua,MODIS,100,6.1NRT,300.51,154.42,D
-36.7974,-73.01901,396.98,1.38,1.16,2026-01-18,2006,Aqua,MODIS,100,6.1NRT,308.51,359.15,D
-36.74639,-72.64852,363.11,1.31,1.14,2026-01-18,2006,Aqua,MODIS,100,6.1NRT,306.81,127.55,D
-36.74799,-72.66296,412.31,1.32,1.14,2026-01-18,2006,Aqua,MODIS,100,6.1NRT,319.08,483.76,D
-36.7496,-72.67744,356.78,1.32,1.14,2026-01-18,2006,Aqua,MODIS,98,6.1NRT,313.17,98.68,D
-36.77227,-72.88399,393.14,1.35,1.15,2026-01-18,2006,Aqua,MODIS,100,6.1NRT,301.43,321.85,D
-36.77388,-72.89875,400.61,1.36,1.15,2026-01-18,2006,Aqua,MODIS,100,6.1NRT,306.8,386.03,D
-36.77554,-72.91409,330.25,1.36,1.15,2026-01-18,2006,Aqua,MODIS,78,6.1NRT,300.58,29.35,D
-36.78378,-72.99011,359.95,1.37,1.16,2026-01-18,2006,Aqua,MODIS,99,6.1NRT,303.74,119.27,D
-36.7854,-73.00522,359.95,1.37,1.16,2026-01-18,2006,Aqua,MODIS,99,6.1NRT,302.78,119.18,D
-36.73789,-72.66469,386.33,1.32,1.14,2026-01-18,2006,Aqua,MODIS,100,6.1NRT,313.11,253.35,D
-36.73948,-72.67915,362.9,1.32,1.14,2026-01-18,2006,Aqua,MODIS,100,6.1NRT,311.79,122.54,D
-36.76202,-72.88562,351.29,1.35,1.15,2026-01-18,2006,Aqua,MODIS,95,6.1NRT,298.08,88.56,D
-36.76362,-72.90036,429.27,1.36,1.15,2026-01-18,2006,Aqua,MODIS,100,6.1NRT,310.81,733.38,D
-36.76524,-72.91537,350.6,1.36,1.15,2026-01-18,2006,Aqua,MODIS,95,6.1NRT,300.92,83.4,D
-36.77511,-73.00711,331.5,1.37,1.16,2026-01-18,2006,Aqua,MODIS,68,6.1NRT,302.02,33,D
-36.73863,-72.65543,337.12,1.31,1.14,2026-01-18,2006,Aqua,MODIS,85,6.1NRT,305.62,43.83,D
-36.74028,-72.66972,370.54,1.32,1.14,2026-01-18,2006,Aqua,MODIS,100,6.1NRT,315.57,162.25,D
-36.74197,-72.68432,328.68,1.32,1.14,2026-01-18,2006,Aqua,MODIS,66,6.1NRT,309.15,24.74,D
-36.76559,-72.8904,383.94,1.35,1.15,2026-01-18,2006,Aqua,MODIS,100,6.1NRT,301.74,252.72,D
-36.76727,-72.90521,393.68,1.36,1.15,2026-01-18,2006,Aqua,MODIS,100,6.1NRT,308.41,325.79,D
-36.77761,-72.99635,365.44,1.37,1.16,2026-01-18,2006,Aqua,MODIS,100,6.1NRT,305.14,147.33,D
-36.7794,-73.01212,329.32,1.37,1.16,2026-01-18,2006,Aqua,MODIS,75,6.1NRT,302.14,30.98,D
-36.73017,-72.67143,361.58,1.32,1.14,2026-01-18,2006,Aqua,MODIS,100,6.1NRT,308.47,121.99,D
-36.75535,-72.89213,380.56,1.35,1.15,2026-01-18,2006,Aqua,MODIS,100,6.1NRT,299.75,231.03,D
-36.75704,-72.90703,398.58,1.36,1.15,2026-01-18,2006,Aqua,MODIS,100,6.1NRT,304.74,369.63,D
-36.76731,-72.99807,318.87,1.37,1.16,2026-01-18,2006,Aqua,MODIS,7,6.1NRT,302.97,13.15,D
-36.74676,-72.90846,345.09,1.36,1.15,2026-01-18,2006,Aqua,MODIS,91,6.1NRT,299.09,70.53,D
-36.74841,-72.92319,323.12,1.36,1.15,2026-01-18,2006,Aqua,MODIS,28,6.1NRT,299.46,18.24,D
-36.73651,-72.91016,361.7,1.36,1.15,2026-01-18,2006,Aqua,MODIS,100,6.1NRT,299.02,128.75,D
-36.73816,-72.92494,341.27,1.36,1.15,2026-01-18,2006,Aqua,MODIS,84,6.1NRT,300.7,56.31,D
-36.6956,-72.91762,353.84,1.36,1.15,2026-01-18,2006,Aqua,MODIS,96,6.1NRT,299.93,99.31,D
-36.69724,-72.93259,370.11,1.36,1.15,2026-01-18,2006,Aqua,MODIS,100,6.1NRT,306.12,169.6,D
-36.68534,-72.91924,400.51,1.36,1.15,2026-01-18,2006,Aqua,MODIS,100,6.1NRT,307.89,390.36,D
-36.687,-72.93444,400.6,1.36,1.15,2026-01-18,2006,Aqua,MODIS,100,6.1NRT,315.23,389.98,D
-36.67514,-72.9213,371.37,1.36,1.15,2026-01-18,2006,Aqua,MODIS,100,6.1NRT,299.63,178.8,D
-36.67676,-72.93636,393.61,1.36,1.15,2026-01-18,2006,Aqua,MODIS,100,6.1NRT,305.9,328.83,D
-36.67616,-72.9124,330.3,1.35,1.15,2026-01-18,2006,Aqua,MODIS,79,6.1NRT,297.1,39.07,D
-36.67787,-72.92739,401.09,1.36,1.15,2026-01-18,2006,Aqua,MODIS,100,6.1NRT,310.63,397.23,D
-36.67959,-72.94251,361.81,1.36,1.15,2026-01-18,2006,Aqua,MODIS,100,6.1NRT,307.9,132.36,D
-36.61914,-72.59519,331.79,1.3,1.13,2026-01-18,2006,Aqua,MODIS,80,6.1NRT,306.35,33.32,D
-36.6208,-72.6096,323.64,1.3,1.13,2026-01-18,2006,Aqua,MODIS,68,6.1NRT,305.82,19.76,D
-36.63062,-72.69519,321.56,1.32,1.14,2026-01-18,2006,Aqua,MODIS,63,6.1NRT,304.73,19.88,D
-36.62054,-72.69707,337.08,1.32,1.14,2026-01-18,2006,Aqua,MODIS,85,6.1NRT,303.47,48.19,D
-36.55412,-72.56322,323.82,1.29,1.13,2026-01-18,2006,Aqua,MODIS,60,6.1NRT,308.54,15.73,D
-36.55573,-72.57758,327.94,1.3,1.13,2026-01-18,2006,Aqua,MODIS,0,6.1NRT,308.6,21.69,D
-36.54411,-72.565,337.5,1.29,1.13,2026-01-18,2006,Aqua,MODIS,61,6.1NRT,311.16,37.7,D
-36.54582,-72.57037,340.07,1.29,1.13,2026-01-18,2006,Aqua,MODIS,80,6.1NRT,309.88,43.97,D
-36.54918,-72.59909,330.55,1.3,1.13,2026-01-18,2006,Aqua,MODIS,0,6.1NRT,310.48,27.05,D
-36.53416,-72.55797,346.95,1.29,1.13,2026-01-18,2006,Aqua,MODIS,92,6.1NRT,308.79,66.1,D
-36.53582,-72.57222,451.91,1.29,1.13,2026-01-18,2006,Aqua,MODIS,100,6.1NRT,331.15,1060.4,D
-36.53748,-72.58655,418.83,1.3,1.13,2026-01-18,2006,Aqua,MODIS,87,6.1NRT,324.54,548.47,D
-36.52576,-72.57371,341.46,1.29,1.13,2026-01-18,2006,Aqua,MODIS,89,6.1NRT,307.48,53.24,D
-36.52745,-72.58823,347.94,1.3,1.13,2026-01-18,2006,Aqua,MODIS,81,6.1NRT,307.6,70.62,D
-37.30112,-72.33076,307.46,1.59,1.24,2026-01-19,0238,Terra,MODIS,71,6.1NRT,294.54,14.06,N
-37.30441,-72.34805,328.19,1.59,1.24,2026-01-19,0238,Terra,MODIS,100,6.1NRT,295.47,51.25,N
-37.35279,-72.60429,316.17,1.53,1.22,2026-01-19,0238,Terra,MODIS,93,6.1NRT,299.76,23.04,N
-37.34207,-72.60725,318.71,1.53,1.22,2026-01-19,0238,Terra,MODIS,93,6.1NRT,300.57,26.1,N
-37.3314,-72.61044,327.3,1.53,1.22,2026-01-19,0238,Terra,MODIS,100,6.1NRT,301.91,41.87,N
-37.32073,-72.61366,345.74,1.53,1.22,2026-01-19,0238,Terra,MODIS,100,6.1NRT,303.33,95.48,N
-37.3196,-72.66705,311.01,1.52,1.22,2026-01-19,0238,Terra,MODIS,34,6.1NRT,294.23,14.44,N
-37.27617,-72.63254,358.39,1.53,1.22,2026-01-19,0240,Terra,MODIS,100,6.1NRT,305.31,150.93,N
-37.26234,-72.61895,337.99,1.54,1.22,2026-01-19,0240,Terra,MODIS,100,6.1NRT,298.56,73.2,N
-37.26548,-72.63569,338.37,1.53,1.22,2026-01-19,0240,Terra,MODIS,100,6.1NRT,297.49,74.46,N
-36.93073,-72.90048,317.02,1.5,1.21,2026-01-19,0240,Terra,MODIS,94,6.1NRT,293.6,26.24,N
-36.92025,-72.90419,317.45,1.5,1.21,2026-01-19,0240,Terra,MODIS,95,6.1NRT,296.12,26.31,N
-36.92323,-72.92014,305.14,1.5,1.21,2026-01-19,0240,Terra,MODIS,23,6.1NRT,292.94,9.4,N
-36.90341,-72.87405,310.31,1.51,1.21,2026-01-19,0240,Terra,MODIS,13,6.1NRT,293.13,14.96,N
-36.79816,-72.38276,320.81,1.62,1.25,2026-01-19,0240,Terra,MODIS,100,6.1NRT,295.62,34.8,N
-36.80158,-72.40039,327.53,1.62,1.25,2026-01-19,0240,Terra,MODIS,100,6.1NRT,298.03,49.24,N
-36.8928,-72.87714,328.72,1.51,1.21,2026-01-19,0240,Terra,MODIS,94,6.1NRT,294.36,45.52,N
-36.80179,-72.40675,311.4,1.62,1.25,2026-01-19,0240,Terra,MODIS,42,6.1NRT,297.17,17.07,N
-36.88725,-72.86771,315.38,1.51,1.21,2026-01-19,0240,Terra,MODIS,16,6.1NRT,293.34,21.15,N
-36.87662,-72.87083,308.71,1.51,1.21,2026-01-19,0240,Terra,MODIS,24,6.1NRT,292.7,13.37,N
-36.866,-72.87393,306.53,1.51,1.21,2026-01-19,0240,Terra,MODIS,19,6.1NRT,292.51,10.93,N
-36.87523,-72.92401,327.35,1.5,1.21,2026-01-19,0240,Terra,MODIS,96,6.1NRT,296.66,41.56,N
-37.31577,-72.60296,314.27,1.54,1.22,2026-01-19,0240,Terra,MODIS,87,6.1NRT,297.68,19.92,N
-36.87827,-72.94051,314.14,1.5,1.21,2026-01-19,0240,Terra,MODIS,89,6.1NRT,294.85,20.32,N
-36.86465,-72.92713,335.74,1.5,1.21,2026-01-19,0240,Terra,MODIS,100,6.1NRT,297.25,62.69,N
-36.86768,-72.94353,346.69,1.5,1.21,2026-01-19,0240,Terra,MODIS,100,6.1NRT,297.31,99.21,N
-36.8707,-72.95987,312.1,1.5,1.21,2026-01-19,0240,Terra,MODIS,84,6.1NRT,294.76,18.59,N
-36.80093,-72.64618,307.12,1.57,1.23,2026-01-19,0240,Terra,MODIS,66,6.1NRT,293.28,13.18,N
-36.80413,-72.66315,302.35,1.56,1.23,2026-01-19,0240,Terra,MODIS,15,6.1NRT,292.1,8.3,N
-36.84473,-72.88004,321.77,1.51,1.21,2026-01-19,0240,Terra,MODIS,100,6.1NRT,294.39,33.26,N
-36.84772,-72.8961,318.56,1.51,1.21,2026-01-19,0240,Terra,MODIS,75,6.1NRT,293.57,26.69,N
-36.85711,-72.94668,328.96,1.5,1.21,2026-01-19,0240,Terra,MODIS,100,6.1NRT,295.83,47.51,N
-36.86016,-72.96314,327.84,1.5,1.21,2026-01-19,0240,Terra,MODIS,100,6.1NRT,296.68,45.09,N
-36.83407,-72.88293,317.67,1.51,1.21,2026-01-19,0240,Terra,MODIS,95,6.1NRT,294.18,27,N
-36.8371,-72.89914,311.45,1.51,1.21,2026-01-19,0240,Terra,MODIS,77,6.1NRT,293.87,16.8,N
-36.84964,-72.96644,346.54,1.5,1.21,2026-01-19,0240,Terra,MODIS,100,6.1NRT,298.4,97.72,N
-36.85257,-72.98222,322.72,1.49,1.21,2026-01-19,0240,Terra,MODIS,100,6.1NRT,294.54,35.42,N
-36.82339,-72.88578,302.78,1.51,1.21,2026-01-19,0240,Terra,MODIS,29,6.1NRT,292.65,7.79,N
-36.82645,-72.90208,304.12,1.51,1.21,2026-01-19,0240,Terra,MODIS,29,6.1NRT,293.23,8.38,N
-36.83897,-72.96896,306.72,1.5,1.21,2026-01-19,0240,Terra,MODIS,66,6.1NRT,294.07,11.6,N
-36.84192,-72.98479,313.41,1.49,1.21,2026-01-19,0240,Terra,MODIS,87,6.1NRT,292.98,21.11,N
-36.76534,-72.63859,376.6,1.57,1.23,2026-01-19,0240,Terra,MODIS,100,6.1NRT,303.04,267.46,N
-36.7686,-72.65572,316.84,1.57,1.23,2026-01-19,0240,Terra,MODIS,94,6.1NRT,295.18,25.43,N
-36.81281,-72.88909,342.88,1.51,1.21,2026-01-19,0240,Terra,MODIS,100,6.1NRT,297.06,87.36,N
-36.81589,-72.90543,314.78,1.51,1.21,2026-01-19,0240,Terra,MODIS,87,6.1NRT,294.37,21.44,N
-36.75121,-72.62435,315.62,1.57,1.24,2026-01-19,0240,Terra,MODIS,72,6.1NRT,294.63,23.77,N
-36.75453,-72.64169,351.39,1.57,1.23,2026-01-19,0240,Terra,MODIS,100,6.1NRT,301.8,121.78,N
-36.75783,-72.65894,312.9,1.57,1.23,2026-01-19,0240,Terra,MODIS,16,6.1NRT,295.89,18.09,N
-36.7991,-72.87589,324.13,1.52,1.22,2026-01-19,0240,Terra,MODIS,100,6.1NRT,294.13,38.32,N
-36.80225,-72.8925,349.33,1.51,1.21,2026-01-19,0240,Terra,MODIS,100,6.1NRT,298.79,109.8,N
-36.76125,-72.62711,340.44,1.57,1.24,2026-01-19,0240,Terra,MODIS,100,6.1NRT,296.36,82.71,N
-36.76447,-72.64455,355.46,1.57,1.23,2026-01-19,0240,Terra,MODIS,100,6.1NRT,302.33,140.09,N
-36.80754,-72.87902,335.94,1.52,1.22,2026-01-19,0240,Terra,MODIS,100,6.1NRT,295.13,66.08,N
-36.81054,-72.89547,336.41,1.51,1.21,2026-01-19,0240,Terra,MODIS,100,6.1NRT,297.72,67.19,N
-36.75045,-72.63036,340.72,1.57,1.24,2026-01-19,0240,Terra,MODIS,100,6.1NRT,298.06,83.75,N
-36.75367,-72.64772,340.72,1.57,1.23,2026-01-19,0240,Terra,MODIS,100,6.1NRT,300.88,82.13,N
-36.79696,-72.88245,331.46,1.52,1.22,2026-01-19,0240,Terra,MODIS,100,6.1NRT,296.45,54.97,N
-36.80003,-72.89923,320.8,1.51,1.21,2026-01-19,0240,Terra,MODIS,100,6.1NRT,296.02,31.76,N
-36.73965,-72.63353,333.34,1.57,1.24,2026-01-19,0240,Terra,MODIS,100,6.1NRT,296.08,62.29,N
-36.74286,-72.65077,338.4,1.57,1.23,2026-01-19,0240,Terra,MODIS,100,6.1NRT,299.39,76.56,N
-36.73208,-72.65404,326.13,1.57,1.23,2026-01-19,0240,Terra,MODIS,100,6.1NRT,295.91,44.45,N
-36.73532,-72.67137,328.65,1.57,1.23,2026-01-19,0240,Terra,MODIS,100,6.1NRT,296.87,51.44,N
-36.7937,-72.98635,323,1.5,1.21,2026-01-19,0240,Terra,MODIS,100,6.1NRT,291.8,36.57,N
-36.79678,-73.00317,325.36,1.49,1.21,2026-01-19,0240,Terra,MODIS,100,6.1NRT,292.67,41.82,N
-36.76522,-72.89268,310.35,1.52,1.22,2026-01-19,0240,Terra,MODIS,45,6.1NRT,294.64,16.02,N
-36.78321,-72.98994,334.27,1.5,1.21,2026-01-19,0240,Terra,MODIS,100,6.1NRT,293.68,61.33,N
-36.78622,-73.00624,335.58,1.49,1.21,2026-01-19,0240,Terra,MODIS,100,6.1NRT,293.38,65.97,N
-36.78912,-73.02193,303.65,1.49,1.21,2026-01-19,0240,Terra,MODIS,41,6.1NRT,289.37,10.36,N
-36.75457,-72.89573,339.29,1.52,1.22,2026-01-19,0240,Terra,MODIS,100,6.1NRT,295.25,76.55,N
-36.7577,-72.91254,335.17,1.51,1.21,2026-01-19,0240,Terra,MODIS,100,6.1NRT,295.54,64,N
-36.77274,-72.99352,304.36,1.5,1.21,2026-01-19,0240,Terra,MODIS,29,6.1NRT,291.75,9.39,N
-36.77562,-73.0091,312.59,1.49,1.21,2026-01-19,0240,Terra,MODIS,82,6.1NRT,291.16,20.46,N
-36.74399,-72.89909,312.09,1.52,1.22,2026-01-19,0240,Terra,MODIS,84,6.1NRT,291.98,20.24,N
-36.74715,-72.91602,306.01,1.51,1.21,2026-01-19,0240,Terra,MODIS,46,6.1NRT,294.36,11.86,N
-36.6885,-72.92176,314.21,1.52,1.22,2026-01-19,0240,Terra,MODIS,89,6.1NRT,293.5,24.18,N
-36.61464,-72.58665,314.55,1.59,1.24,2026-01-19,0240,Terra,MODIS,89,6.1NRT,296.14,25.6,N
-36.61782,-72.60349,307.09,1.59,1.24,2026-01-19,0240,Terra,MODIS,70,6.1NRT,294.83,14.27,N
-36.67479,-72.90826,315.22,1.52,1.22,2026-01-19,0240,Terra,MODIS,91,6.1NRT,290.43,25.78,N
-36.67784,-72.92471,336.49,1.52,1.22,2026-01-19,0240,Terra,MODIS,100,6.1NRT,294.41,70.74,N
-36.52832,-72.56201,313.18,1.6,1.25,2026-01-19,0240,Terra,MODIS,78,6.1NRT,295.06,21.28,N
-37.31886,-72.61977,325.32,1.53,1.22,2026-01-19,0240,Terra,MODIS,100,6.1NRT,300.35,39.25,N
-36.53477,-72.59633,309.34,1.6,1.24,2026-01-19,0240,Terra,MODIS,70,6.1NRT,293.84,15.87,N
-36.51754,-72.5659,331.91,1.6,1.25,2026-01-19,0240,Terra,MODIS,100,6.1NRT,296.81,60.63,N
-36.52074,-72.58282,340.12,1.6,1.25,2026-01-19,0240,Terra,MODIS,100,6.1NRT,297.28,84.36,N
-36.52395,-72.59987,314.17,1.6,1.24,2026-01-19,0240,Terra,MODIS,43,6.1NRT,294.48,21.82,N
-36.53155,-72.5792,307.17,1.6,1.25,2026-01-19,0240,Terra,MODIS,55,6.1NRT,295.06,13.22,N
-37.3144,-72.65662,310.87,1.53,1.22,2026-01-19,0240,Terra,MODIS,81,6.1NRT,294.98,16.68,N
-37.31747,-72.67329,304.88,1.52,1.22,2026-01-19,0240,Terra,MODIS,62,6.1NRT,293.51,9.85,N
-37.29751,-72.62615,323.12,1.53,1.22,2026-01-19,0240,Terra,MODIS,100,6.1NRT,298.63,36.42,N
-37.28374,-72.61272,346.2,1.54,1.22,2026-01-19,0240,Terra,MODIS,100,6.1NRT,300.98,99.47,N
-37.28683,-72.62932,341,1.53,1.22,2026-01-19,0240,Terra,MODIS,100,6.1NRT,299.82,81.35,N
-37.27305,-72.61587,349.33,1.54,1.22,2026-01-19,0240,Terra,MODIS,100,6.1NRT,303.02,111.69,N
-36.83948,-72.96606,303.18,1.8,1.32,2026-01-19,0709,Aqua,MODIS,54,6.1NRT,289.31,16,N
-36.50952,-72.57247,307,1.74,1.29,2026-01-19,0709,Aqua,MODIS,70,6.1NRT,289.06,18.96,N
-36.51339,-72.55374,304.28,1.73,1.29,2026-01-19,0709,Aqua,MODIS,57,6.1NRT,290.09,15.23,N
-36.6126,-72.58987,303.38,1.73,1.29,2026-01-19,0709,Aqua,MODIS,55,6.1NRT,292.16,14.69,N
-36.61621,-72.57238,310.51,1.73,1.29,2026-01-19,0709,Aqua,MODIS,80,6.1NRT,290.31,25.23,N
-36.67339,-72.92113,301.85,1.81,1.32,2026-01-19,0709,Aqua,MODIS,26,6.1NRT,287.65,14.19,N
-36.72821,-72.65378,308.89,1.74,1.29,2026-01-19,0709,Aqua,MODIS,38,6.1NRT,291.13,20.34,N
-36.68491,-72.92439,309.54,1.81,1.32,2026-01-19,0709,Aqua,MODIS,78,6.1NRT,287.99,25.99,N
-36.74321,-72.63881,314.32,1.73,1.29,2026-01-19,0709,Aqua,MODIS,45,6.1NRT,293.89,27.71,N
-36.80588,-72.38638,327.31,1.67,1.27,2026-01-19,0709,Aqua,MODIS,100,6.1NRT,293.02,56.13,N
-36.68127,-72.92841,304.72,1.81,1.32,2026-01-19,0709,Aqua,MODIS,8,6.1NRT,287.89,16.32,N
-36.80552,-72.39148,324.36,1.67,1.27,2026-01-19,0709,Aqua,MODIS,100,6.1NRT,293.16,49.44,N
-36.80922,-72.37354,300.99,1.66,1.27,2026-01-19,0709,Aqua,MODIS,31,6.1NRT,290.11,10.86,N
-36.76768,-72.63171,307.78,1.73,1.29,2026-01-19,0709,Aqua,MODIS,34,6.1NRT,292.1,17.75,N
-36.75051,-72.88863,305.65,1.79,1.31,2026-01-19,0709,Aqua,MODIS,65,6.1NRT,288.27,18.87,N
-36.75796,-72.91136,303.77,1.8,1.31,2026-01-19,0709,Aqua,MODIS,45,6.1NRT,289,15.17,N
-36.76189,-72.89236,320.51,1.79,1.31,2026-01-19,0709,Aqua,MODIS,100,6.1NRT,289.43,45.36,N
-36.79979,-72.88509,306.28,1.79,1.31,2026-01-19,0709,Aqua,MODIS,36,6.1NRT,289.75,18.43,N
-36.78528,-72.99184,312.78,1.81,1.32,2026-01-19,0709,Aqua,MODIS,86,6.1NRT,287.94,31.3,N
-36.78936,-72.97249,310.69,1.81,1.32,2026-01-19,0709,Aqua,MODIS,81,6.1NRT,287.27,26.8,N
-36.80975,-72.87547,302.67,1.78,1.31,2026-01-19,0709,Aqua,MODIS,34,6.1NRT,288.68,13.8,N
-36.79667,-72.99582,326.68,1.81,1.32,2026-01-19,0709,Aqua,MODIS,100,6.1NRT,288.4,63.43,N
-36.84386,-72.88631,305.14,1.78,1.31,2026-01-19,0709,Aqua,MODIS,63,6.1NRT,288.75,16.76,N
-36.85097,-72.96938,337.92,1.8,1.32,2026-01-19,0709,Aqua,MODIS,100,6.1NRT,289.82,98.12,N
-36.85499,-72.9499,320.47,1.8,1.31,2026-01-19,0709,Aqua,MODIS,100,6.1NRT,291.64,44.49,N
-36.85883,-72.93126,312.44,1.79,1.31,2026-01-19,0709,Aqua,MODIS,58,6.1NRT,290.57,26.57,N
-36.86634,-72.95383,315.19,1.8,1.31,2026-01-19,0709,Aqua,MODIS,82,6.1NRT,288.25,32.5,N
-36.87032,-72.93445,321.02,1.79,1.31,2026-01-19,0709,Aqua,MODIS,100,6.1NRT,289.71,44.09,N
-36.87419,-72.9156,318.68,1.79,1.31,2026-01-19,0709,Aqua,MODIS,97,6.1NRT,290.73,37.45,N
-36.88595,-72.85816,309.18,1.77,1.3,2026-01-19,0709,Aqua,MODIS,59,6.1NRT,288.42,22.12,N
-36.86288,-72.95805,316.86,1.8,1.31,2026-01-19,0709,Aqua,MODIS,94,6.1NRT,288.46,37.93,N
-36.86695,-72.93882,326.54,1.79,1.31,2026-01-19,0709,Aqua,MODIS,100,6.1NRT,290.79,59.34,N
-36.87097,-72.91985,321.05,1.79,1.31,2026-01-19,0709,Aqua,MODIS,100,6.1NRT,291.25,42.92,N
-36.88302,-72.8628,309.27,1.77,1.3,2026-01-19,0709,Aqua,MODIS,12,6.1NRT,288.3,20.52,N
-36.88235,-72.92348,305.09,1.79,1.31,2026-01-19,0709,Aqua,MODIS,20,6.1NRT,289.24,14.79,N
-37.24966,-72.62273,305.86,1.68,1.27,2026-01-19,0709,Aqua,MODIS,58,6.1NRT,289.27,16.46,N
-37.25343,-72.60441,304.68,1.68,1.27,2026-01-19,0709,Aqua,MODIS,57,6.1NRT,289.76,14.8,N
-37.26074,-72.62627,305.88,1.68,1.27,2026-01-19,0709,Aqua,MODIS,13,6.1NRT,289.94,15.68,N
-37.2645,-72.60792,312.34,1.68,1.27,2026-01-19,0709,Aqua,MODIS,71,6.1NRT,292.48,25.2,N
-37.27182,-72.62974,311.93,1.68,1.27,2026-01-19,0709,Aqua,MODIS,27,6.1NRT,291.36,23.58,N
-37.27559,-72.61131,342.66,1.68,1.27,2026-01-19,0709,Aqua,MODIS,100,6.1NRT,297.87,103,N
-37.28662,-72.61496,312.12,1.68,1.27,2026-01-19,0709,Aqua,MODIS,84,6.1NRT,291.82,24.95,N
-37.32347,-72.60735,311.66,1.67,1.27,2026-01-19,0709,Aqua,MODIS,59,6.1NRT,294.79,22.53,N
-37.32288,-72.61282,308.86,1.67,1.27,2026-01-19,0709,Aqua,MODIS,56,6.1NRT,293.84,18.2,N
-37.35226,-72.6418,307.21,1.68,1.27,2026-01-19,0709,Aqua,MODIS,47,6.1NRT,290.72,16.76,N
-36.51698,-72.58145,330.78,1.15,1.07,2026-01-19,1342,Terra,MODIS,85,6.1NRT,299.87,30.25,D
-36.51846,-72.56888,313.5,1.15,1.07,2026-01-19,1342,Terra,MODIS,58,6.1NRT,301.56,8.46,D
-36.52653,-72.58289,311.24,1.15,1.07,2026-01-19,1342,Terra,MODIS,39,6.1NRT,299.23,6.18,D
-36.61678,-72.59285,319.1,1.15,1.07,2026-01-19,1342,Terra,MODIS,73,6.1NRT,299.22,15.14,D
-36.61832,-72.57984,319.86,1.15,1.07,2026-01-19,1342,Terra,MODIS,74,6.1NRT,300.6,15.93,D
-36.66992,-72.91569,313.86,1.12,1.05,2026-01-19,1342,Terra,MODIS,19,6.1NRT,293.07,10.75,D
-36.6872,-72.93153,316.89,1.12,1.05,2026-01-19,1342,Terra,MODIS,68,6.1NRT,297.53,12.88,D
-36.68869,-72.91927,323.29,1.12,1.05,2026-01-19,1342,Terra,MODIS,78,6.1NRT,296.84,20.59,D
-36.74311,-72.46354,310.48,1.17,1.08,2026-01-19,1342,Terra,MODIS,41,6.1NRT,299.3,4.72,D
-36.7424,-72.63403,329.05,1.15,1.07,2026-01-19,1342,Terra,MODIS,49,6.1NRT,304.09,25.14,D
-36.75191,-72.63575,347.92,1.15,1.07,2026-01-19,1342,Terra,MODIS,94,6.1NRT,305.7,61.11,D
-36.76454,-72.64484,320.48,1.15,1.07,2026-01-19,1342,Terra,MODIS,71,6.1NRT,304.66,15.72,D
-36.76603,-72.63203,317.48,1.15,1.07,2026-01-19,1342,Terra,MODIS,60,6.1NRT,303.16,12.1,D
-36.81361,-72.38997,326.63,1.18,1.08,2026-01-19,1342,Terra,MODIS,81,6.1NRT,300.07,21.82,D
-36.76313,-72.90142,328.18,1.12,1.06,2026-01-19,1342,Terra,MODIS,83,6.1NRT,299.73,26.31,D
-36.79028,-72.99422,314.34,1.11,1.05,2026-01-19,1342,Terra,MODIS,52,6.1NRT,292.87,11.35,D
-36.80387,-72.88286,337.38,1.12,1.06,2026-01-19,1342,Terra,MODIS,89,6.1NRT,300.11,41.91,D
-36.79967,-72.99584,340.83,1.11,1.05,2026-01-19,1342,Terra,MODIS,91,6.1NRT,293.51,48.6,D
-36.8133,-72.8845,332.48,1.12,1.06,2026-01-19,1342,Terra,MODIS,86,6.1NRT,295.9,32.8,D
-36.81969,-72.91097,312.78,1.12,1.06,2026-01-19,1342,Terra,MODIS,50,6.1NRT,296.39,8.92,D
-36.82544,-72.90511,312.92,1.12,1.06,2026-01-19,1342,Terra,MODIS,18,6.1NRT,295.3,8.83,D
-36.8378,-72.88213,319.31,1.13,1.06,2026-01-19,1342,Terra,MODIS,74,6.1NRT,294.71,16.36,D
-36.84613,-72.97311,323.9,1.12,1.05,2026-01-19,1342,Terra,MODIS,70,6.1NRT,295.34,20.74,D
-36.8555,-72.97492,322.29,1.12,1.05,2026-01-19,1342,Terra,MODIS,61,6.1NRT,293.31,19.31,D
-36.8679,-72.95182,360.35,1.12,1.05,2026-01-19,1342,Terra,MODIS,100,6.1NRT,300.08,96.15,D
-36.86941,-72.93938,351.98,1.12,1.06,2026-01-19,1342,Terra,MODIS,96,6.1NRT,299.63,71.92,D
-36.87091,-72.92698,336.14,1.12,1.06,2026-01-19,1342,Terra,MODIS,88,6.1NRT,304.1,36.43,D
-36.88033,-72.92866,363.55,1.12,1.06,2026-01-19,1342,Terra,MODIS,100,6.1NRT,301.94,106.39,D
-36.88186,-72.91605,327.14,1.12,1.06,2026-01-19,1342,Terra,MODIS,79,6.1NRT,300.06,21.59,D
-36.89127,-72.91782,323.74,1.12,1.06,2026-01-19,1342,Terra,MODIS,70,6.1NRT,298.35,18.57,D
-36.91162,-72.90881,329.25,1.12,1.06,2026-01-19,1342,Terra,MODIS,63,6.1NRT,298.72,24.69,D
-36.92658,-72.90505,315.66,1.13,1.06,2026-01-19,1342,Terra,MODIS,54,6.1NRT,297.75,12.68,D
-37.17194,-72.94875,309.78,1.13,1.06,2026-01-19,1342,Terra,MODIS,39,6.1NRT,298.78,4.81,D
-37.24477,-72.61623,330.23,1.16,1.07,2026-01-19,1342,Terra,MODIS,78,6.1NRT,302.32,25.59,D
-37.25435,-72.61796,344.19,1.16,1.07,2026-01-19,1342,Terra,MODIS,92,6.1NRT,305.62,51.81,D
-37.26392,-72.61969,377.69,1.16,1.07,2026-01-19,1342,Terra,MODIS,100,6.1NRT,311.83,167.69,D
-37.32702,-72.61102,327.57,1.17,1.08,2026-01-19,1342,Terra,MODIS,72,6.1NRT,309.16,21.71,D
-37.35125,-72.65508,323.55,1.16,1.07,2026-01-19,1342,Terra,MODIS,74,6.1NRT,303.36,18.29,D
-37.35277,-72.6421,320.02,1.16,1.07,2026-01-19,1342,Terra,MODIS,49,6.1NRT,301.23,11.68,D
-37.48143,-73.33612,308.38,1.1,1.05,2026-01-19,1342,Terra,MODIS,40,6.1NRT,296,6.53,D
-37.49334,-72.60365,442.44,1.5,1.21,2026-01-19,2044,Aqua,MODIS,100,6.1NRT,334.23,1095.96,D
-37.49644,-72.61976,386.44,1.49,1.21,2026-01-19,2044,Aqua,MODIS,100,6.1NRT,320.21,302.52,D
-37.48284,-72.60695,386.55,1.5,1.21,2026-01-19,2044,Aqua,MODIS,100,6.1NRT,312.39,307.5,D
-37.32686,-72.62601,333.33,1.5,1.21,2026-01-19,2044,Aqua,MODIS,42,6.1NRT,315.49,29.19,D
-37.33084,-72.61459,339.47,1.51,1.21,2026-01-19,2044,Aqua,MODIS,74,6.1NRT,317.61,47.26,D
-37.27809,-72.63084,334.8,1.51,1.21,2026-01-19,2044,Aqua,MODIS,82,6.1NRT,317.87,33.69,D
-37.26433,-72.61768,338.66,1.51,1.21,2026-01-19,2044,Aqua,MODIS,87,6.1NRT,316.97,44.15,D
-37.26753,-72.63404,352.82,1.51,1.21,2026-01-19,2044,Aqua,MODIS,96,6.1NRT,321.6,93.86,D
-37.25376,-72.62086,342.47,1.51,1.21,2026-01-19,2044,Aqua,MODIS,90,6.1NRT,315.08,56.14,D
-37.25698,-72.63727,366.17,1.51,1.21,2026-01-19,2044,Aqua,MODIS,100,6.1NRT,319.35,159.41,D
-37.24318,-72.62404,333.93,1.51,1.21,2026-01-19,2044,Aqua,MODIS,72,6.1NRT,311.94,34.19,D
-37.24641,-72.64046,325.7,1.51,1.21,2026-01-19,2044,Aqua,MODIS,53,6.1NRT,312.94,16.15,D
-36.8801,-72.87053,326.58,1.49,1.21,2026-01-19,2044,Aqua,MODIS,42,6.1NRT,297.12,32.35,D
-36.86961,-72.87377,335.25,1.49,1.21,2026-01-19,2044,Aqua,MODIS,79,6.1NRT,297.51,54.01,D
-36.88213,-72.93889,341.08,1.48,1.2,2026-01-19,2044,Aqua,MODIS,85,6.1NRT,302.16,67.07,D
-36.87166,-72.94195,338.91,1.48,1.2,2026-01-19,2044,Aqua,MODIS,87,6.1NRT,302.63,62.59,D
-36.80716,-72.66767,316.8,1.54,1.22,2026-01-19,2044,Aqua,MODIS,24,6.1NRT,301.25,16.63,D
-36.83802,-72.88283,331.1,1.49,1.21,2026-01-19,2044,Aqua,MODIS,80,6.1NRT,296.78,44.96,D
-36.85393,-72.96468,334.85,1.47,1.2,2026-01-19,2044,Aqua,MODIS,76,6.1NRT,301.55,50.24,D
-36.84341,-72.96746,320.91,1.47,1.2,2026-01-19,2044,Aqua,MODIS,54,6.1NRT,304.43,22.8,D
-36.84643,-72.98298,345.02,1.47,1.2,2026-01-19,2044,Aqua,MODIS,92,6.1NRT,300.56,82.85,D
-36.76526,-72.62711,384.25,1.55,1.23,2026-01-19,2044,Aqua,MODIS,100,6.1NRT,307.56,310.63,D
-36.76864,-72.6441,359.41,1.54,1.22,2026-01-19,2044,Aqua,MODIS,99,6.1NRT,307.73,145.08,D
-36.81382,-72.87287,319.8,1.49,1.21,2026-01-19,2044,Aqua,MODIS,24,6.1NRT,298.32,20.61,D
-36.81697,-72.88897,327.51,1.49,1.21,2026-01-19,2044,Aqua,MODIS,70,6.1NRT,300.69,34.96,D
-36.7735,-72.63145,353.53,1.55,1.23,2026-01-19,2044,Aqua,MODIS,96,6.1NRT,304.22,118.47,D
-36.77673,-72.6483,322,1.54,1.22,2026-01-19,2044,Aqua,MODIS,55,6.1NRT,303.95,22.71,D
-36.7595,-72.61745,341.34,1.55,1.23,2026-01-19,2044,Aqua,MODIS,89,6.1NRT,301.13,70.44,D
-36.76279,-72.63453,367.74,1.55,1.23,2026-01-19,2044,Aqua,MODIS,100,6.1NRT,308.13,190.29,D
-36.81003,-72.88082,340.14,1.49,1.21,2026-01-19,2044,Aqua,MODIS,88,6.1NRT,300.98,67.49,D
-36.81309,-72.89685,318.46,1.49,1.21,2026-01-19,2044,Aqua,MODIS,39,6.1NRT,302.64,17.21,D
-36.79643,-72.86786,340.69,1.5,1.21,2026-01-19,2044,Aqua,MODIS,89,6.1NRT,300.96,69.97,D
-36.74143,-72.64095,322.06,1.55,1.23,2026-01-19,2044,Aqua,MODIS,49,6.1NRT,300.86,24.63,D
-36.81045,-72.99909,351.98,1.47,1.2,2026-01-19,2044,Aqua,MODIS,96,6.1NRT,297.33,105.19,D
-36.79694,-72.98622,351.92,1.47,1.2,2026-01-19,2044,Aqua,MODIS,96,6.1NRT,299.21,104.41,D
-36.8001,-73.00274,347.81,1.47,1.2,2026-01-19,2044,Aqua,MODIS,93,6.1NRT,298.66,88.58,D
-36.78657,-72.98978,316.38,1.47,1.2,2026-01-19,2044,Aqua,MODIS,13,6.1NRT,298.52,12.34,D
-36.78968,-73.00596,350.99,1.47,1.2,2026-01-19,2044,Aqua,MODIS,95,6.1NRT,299.04,102.14,D
-36.79264,-73.02134,317.21,1.47,1.2,2026-01-19,2044,Aqua,MODIS,34,6.1NRT,297.91,13.49,D
-36.77919,-73.00881,337.33,1.47,1.2,2026-01-19,2044,Aqua,MODIS,86,6.1NRT,297.29,57.28,D
-36.62447,-72.5744,350.66,1.57,1.23,2026-01-19,2044,Aqua,MODIS,95,6.1NRT,303.81,110.43,D
-36.6278,-72.59138,349.46,1.57,1.23,2026-01-19,2044,Aqua,MODIS,94,6.1NRT,304.39,106.83,D
-36.69224,-72.92334,343.13,1.49,1.21,2026-01-19,2044,Aqua,MODIS,90,6.1NRT,299.49,79.41,D
-36.69537,-72.93962,322.08,1.49,1.21,2026-01-19,2044,Aqua,MODIS,61,6.1NRT,300.31,24.85,D
-36.61385,-72.57834,339.23,1.57,1.23,2026-01-19,2044,Aqua,MODIS,87,6.1NRT,301.94,67.33,D
-36.61723,-72.5955,359.13,1.57,1.23,2026-01-19,2044,Aqua,MODIS,99,6.1NRT,304.3,149.77,D
-36.58891,-72.56744,350.69,1.57,1.24,2026-01-19,2044,Aqua,MODIS,72,6.1NRT,305.19,109.15,D
-36.5815,-72.58755,316.84,1.57,1.23,2026-01-19,2044,Aqua,MODIS,28,6.1NRT,303.83,13.64,D
-36.57637,-72.57784,326.11,1.57,1.24,2026-01-19,2044,Aqua,MODIS,0,6.1NRT,304.15,31.84,D
-36.51944,-72.57819,326.04,1.58,1.24,2026-01-19,2044,Aqua,MODIS,73,6.1NRT,301.71,34.4,D
-36.5227,-72.59476,349.09,1.57,1.24,2026-01-19,2044,Aqua,MODIS,82,6.1NRT,303.22,104.58,D
-37.49197,-72.59406,318.28,2.73,1.58,2026-01-20,0141,Terra,MODIS,97,6.1NRT,297.14,66.08,N
-37.49387,-72.62492,315.29,2.74,1.58,2026-01-20,0141,Terra,MODIS,91,6.1NRT,296.78,55.03,N
-37.47782,-72.59532,313.78,2.73,1.58,2026-01-20,0141,Terra,MODIS,88,6.1NRT,295.61,49.44,N
-37.47966,-72.62564,319.22,2.74,1.58,2026-01-20,0141,Terra,MODIS,98,6.1NRT,296.45,70.09,N
-36.88234,-72.90784,314.1,2.82,1.6,2026-01-20,0141,Terra,MODIS,89,6.1NRT,288.51,62.81,N
-36.88421,-72.93857,328.03,2.83,1.61,2026-01-20,0141,Terra,MODIS,100,6.1NRT,288.18,127,N
-36.84298,-72.97466,308.79,2.84,1.61,2026-01-20,0141,Terra,MODIS,76,6.1NRT,286.99,49.87,N
-36.84049,-72.98074,306.33,2.84,1.61,2026-01-20,0141,Terra,MODIS,68,6.1NRT,286.47,43.38,N
-36.76035,-72.6183,322.07,2.69,1.57,2026-01-20,0141,Terra,MODIS,100,6.1NRT,291.66,86.74,N
-36.76218,-72.64742,313.68,2.7,1.57,2026-01-20,0141,Terra,MODIS,88,6.1NRT,290.53,56.26,N
-36.62568,-72.58018,308.63,2.66,1.57,2026-01-20,0141,Terra,MODIS,75,6.1NRT,290.58,38.78,N
-36.6116,-72.58015,315.63,2.66,1.57,2026-01-20,0141,Terra,MODIS,92,6.1NRT,290.78,59.3,N
-36.61879,-72.55659,301.89,2.65,1.56,2026-01-20,0141,Terra,MODIS,45,6.1NRT,290.66,21.59,N
-36.6207,-72.58531,320.67,2.66,1.57,2026-01-20,0141,Terra,MODIS,100,6.1NRT,291.11,81.28,N
-36.61955,-72.58862,306.74,1.2,1.09,2026-01-20,0748,Aqua,MODIS,69,6.1NRT,286.2,12.44,N
-36.62122,-72.57511,309.19,1.2,1.09,2026-01-20,0748,Aqua,MODIS,77,6.1NRT,285.17,14.67,N
-36.7587,-72.62682,333.37,1.2,1.09,2026-01-20,0748,Aqua,MODIS,100,6.1NRT,288.57,46.63,N
-36.76031,-72.61355,301.21,1.2,1.09,2026-01-20,0748,Aqua,MODIS,39,6.1NRT,286.79,7.93,N
-36.76834,-72.62875,325.39,1.2,1.09,2026-01-20,0748,Aqua,MODIS,100,6.1NRT,286.99,33,N
-36.76997,-72.6154,317.18,1.2,1.09,2026-01-20,0748,Aqua,MODIS,95,6.1NRT,286.27,22.11,N
-36.86891,-72.94764,300.15,1.16,1.07,2026-01-20,0748,Aqua,MODIS,4,6.1NRT,285.51,6.95,N
-36.87574,-72.92834,345.64,1.17,1.08,2026-01-20,0748,Aqua,MODIS,100,6.1NRT,288.12,68.98,N
-36.87734,-72.91518,327.01,1.17,1.08,2026-01-20,0748,Aqua,MODIS,98,6.1NRT,286.93,33.22,N
-36.88528,-72.93005,308.31,1.17,1.08,2026-01-20,0748,Aqua,MODIS,74,6.1NRT,285.76,13.7,N
-36.88688,-72.91705,309.45,1.17,1.08,2026-01-20,0748,Aqua,MODIS,77,6.1NRT,286.38,14.59,N
-37.4842,-72.60407,312.16,1.22,1.1,2026-01-20,0748,Aqua,MODIS,84,6.1NRT,294.72,17.1,N
-36.85992,-72.88615,333.75,2.97,1.64,2026-01-20,1946,Aqua,MODIS,49,6.1NRT,294.05,139.15,D
-36.85613,-72.86053,315.14,2.96,1.64,2026-01-20,1946,Aqua,MODIS,17,6.1NRT,292.25,45.04,D
-36.85844,-72.89364,328.04,2.97,1.64,2026-01-20,1946,Aqua,MODIS,38,6.1NRT,294.56,103.07,D
-36.81348,-72.66832,313.14,2.87,1.62,2026-01-20,1946,Aqua,MODIS,21,6.1NRT,299.32,33.18,D
-36.79466,-72.60615,316.5,2.84,1.61,2026-01-20,1946,Aqua,MODIS,58,6.1NRT,298.4,43.4,D
-36.78036,-72.6086,363.18,2.84,1.61,2026-01-20,1946,Aqua,MODIS,100,6.1NRT,302.95,410.13,D
-36.78247,-72.63948,349.37,2.86,1.61,2026-01-20,1946,Aqua,MODIS,95,6.1NRT,303.92,255.13,D
-36.76603,-72.61051,333.14,2.84,1.61,2026-01-20,1946,Aqua,MODIS,84,6.1NRT,299.26,127.73,D
-36.7681,-72.64132,344.6,2.86,1.61,2026-01-20,1946,Aqua,MODIS,92,6.1NRT,303.02,213.84,D
-36.76378,-72.61539,335.16,2.84,1.61,2026-01-20,1946,Aqua,MODIS,85,6.1NRT,299.64,144.26,D
-36.76602,-72.64611,331.25,2.86,1.61,2026-01-20,1946,Aqua,MODIS,82,6.1NRT,302.94,120.2,D
-37.49912,-72.60455,321.64,1,1,2026-01-21,0219,Terra,MODIS,96,6.1NRT,298.81,19.61,N
-37.49186,-72.61774,319.43,1,1,2026-01-21,0219,Terra,MODIS,97,6.1NRT,296.61,17.46,N
-36.88089,-72.93117,300.2,1,1,2026-01-21,0219,Terra,MODIS,21,6.1NRT,284.86,6.25,N
-36.77707,-72.58933,301.49,1.01,1,2026-01-21,0219,Terra,MODIS,17,6.1NRT,286.17,5.97,N
-36.76819,-72.59134,307.25,1.01,1,2026-01-21,0219,Terra,MODIS,43,6.1NRT,286.63,9.05,N
-36.7698,-72.60243,337.42,1.01,1,2026-01-21,0219,Terra,MODIS,100,6.1NRT,289.89,40.39,N
-36.77302,-72.62463,303,1.01,1,2026-01-21,0219,Terra,MODIS,10,6.1NRT,286.01,6.82,N
-36.76093,-72.60445,326.52,1.01,1,2026-01-21,0219,Terra,MODIS,50,6.1NRT,288.06,24.07,N
-36.75205,-72.60645,335.54,1.01,1,2026-01-21,0219,Terra,MODIS,97,6.1NRT,287.07,36.75,N
-36.75367,-72.61755,361.58,1.01,1,2026-01-21,0219,Terra,MODIS,100,6.1NRT,289.41,91.72,N
-36.74503,-72.62532,305.34,1.01,1,2026-01-21,0219,Terra,MODIS,64,6.1NRT,285.25,9,N
-36.74662,-72.63641,302.64,1.01,1,2026-01-21,0219,Terra,MODIS,50,6.1NRT,285.54,7.3,N
-36.74601,-72.58873,303.2,3.73,1.81,2026-01-21,0646,Aqua,MODIS,54,6.1NRT,284.3,59.7,N
-36.74993,-72.46882,304.64,1.06,1.03,2026-01-21,1322,Terra,MODIS,19,6.1NRT,294.58,2.93,D
-36.75278,-72.62786,318.94,1.08,1.04,2026-01-21,1322,Terra,MODIS,73,6.1NRT,295.76,15.17,D
-36.75846,-72.59261,309.52,1.07,1.03,2026-01-21,1322,Terra,MODIS,46,6.1NRT,294.79,6.75,D
-36.76572,-72.60654,332.96,1.07,1.03,2026-01-21,1322,Terra,MODIS,87,6.1NRT,293.63,30.89,D
-36.76761,-72.59478,334.97,1.07,1.03,2026-01-21,1322,Terra,MODIS,88,6.1NRT,296.4,34.95,D
-36.78214,-72.62266,311.01,1.07,1.03,2026-01-21,1322,Terra,MODIS,60,6.1NRT,294.78,7.38,D
-36.84503,-72.86692,315.91,1.09,1.04,2026-01-21,1322,Terra,MODIS,74,6.1NRT,289.58,14.92,D
-36.87518,-72.95602,309.42,1.1,1.05,2026-01-21,1322,Terra,MODIS,39,6.1NRT,290.17,9.01,D
-37.47972,-73.34412,303.98,1.12,1.05,2026-01-21,1322,Terra,MODIS,32,6.1NRT,292.54,5.09,D
-37.48177,-73.33177,302.84,1.11,1.05,2026-01-21,1322,Terra,MODIS,23,6.1NRT,291.93,4.39,D
